{
	"credit": "Made with Blockbench",
	"texture_size": [32, 32],
	"textures": {
		"2": "custom/awp",
		"particle": "custom/awp"
	},
	"elements": [
		{
			"from": [8, 8, 18],
			"to": [8, 9, 19],
			"rotation": {"angle": 0, "axis": "y", "origin": [0, 2, 3]},
			"faces": {
				"north": {"uv": [0, 0, 0, 0.5], "texture": "#2"},
				"east": {"uv": [2.5, 13, 3, 13.5], "texture": "#2"},
				"south": {"uv": [0, 0, 0, 0.5], "texture": "#2"},
				"west": {"uv": [13, 2.5, 13.5, 3], "texture": "#2"},
				"up": {"uv": [0, 0.5, 0, 0], "texture": "#2"},
				"down": {"uv": [0, 0, 0, 0.5], "texture": "#2"}
			}
		},
		{
			"from": [7.5, 7.5, 17],
			"to": [8.5, 8.5, 19],
			"rotation": {"angle": 0, "axis": "y", "origin": [0, 1.5, 3]},
			"faces": {
				"north": {"uv": [13, 1.5, 13.5, 2], "texture": "#2"},
				"east": {"uv": [12, 9, 13, 9.5], "texture": "#2"},
				"south": {"uv": [2, 13, 2.5, 13.5], "texture": "#2"},
				"west": {"uv": [12, 9.5, 13, 10], "texture": "#2"},
				"up": {"uv": [10.5, 13, 10, 12], "texture": "#2"},
				"down": {"uv": [12.5, 10, 12, 11], "texture": "#2"}
			}
		},
		{
			"name": "cube inverted",
			"from": [8.5, 8.5, 19],
			"to": [7.5, 7.5, 17],
			"rotation": {"angle": 0, "axis": "y", "origin": [0, 1.5, 3]},
			"faces": {
				"north": {"uv": [2, 13.5, 2.5, 13], "texture": "#2"},
				"east": {"uv": [12, 10, 13, 9.5], "texture": "#2"},
				"south": {"uv": [13, 2, 13.5, 1.5], "texture": "#2"},
				"west": {"uv": [12, 9.5, 13, 9], "texture": "#2"},
				"up": {"uv": [12, 10, 12.5, 11], "texture": "#2"},
				"down": {"uv": [10, 13, 10.5, 12], "texture": "#2"}
			}
		},
		{
			"from": [7.505, 6.9, 12],
			"to": [8.495, 9.9, 16],
			"rotation": {"angle": 0, "axis": "y", "origin": [0.08, 1.9, -5.5]},
			"faces": {
				"north": {"uv": [11.5, 5, 12, 6.5], "texture": "#2"},
				"east": {"uv": [6, 3, 8, 4.5], "texture": "#2"},
				"south": {"uv": [10.5, 11.5, 11, 13], "texture": "#2"},
				"west": {"uv": [6, 4.5, 8, 6], "texture": "#2"},
				"up": {"uv": [2.5, 12.5, 2, 10.5], "texture": "#2"},
				"down": {"uv": [3, 10.5, 2.5, 12.5], "texture": "#2"}
			}
		},
		{
			"from": [7.505, 6.9, 11.5],
			"to": [8.495, 6.9, 16.5],
			"rotation": {"angle": 0, "axis": "y", "origin": [0.08, 1.9, -5.5]},
			"faces": {
				"north": {"uv": [0, 0, 0.5, 0], "texture": "#2"},
				"east": {"uv": [0, 0, 2.5, 0], "texture": "#2"},
				"south": {"uv": [0, 0, 0.5, 0], "texture": "#2"},
				"west": {"uv": [0, 0, 2.5, 0], "texture": "#2"},
				"up": {"uv": [6.5, 12.5, 6, 10], "texture": "#2"},
				"down": {"uv": [7, 10, 6.5, 12.5], "texture": "#2"}
			}
		},
		{
			"from": [8, 9.25, -5],
			"to": [10, 9.25, 5],
			"rotation": {"angle": -45, "axis": "z", "origin": [8.25, 9.25, 4]},
			"faces": {
				"north": {"uv": [0, 0, 1, 0], "texture": "#2"},
				"east": {"uv": [0, 0, 5, 0], "texture": "#2"},
				"south": {"uv": [0, 0, 1, 0], "texture": "#2"},
				"west": {"uv": [0, 0, 5, 0], "texture": "#2"},
				"up": {"uv": [3, 10.5, 2, 5.5], "texture": "#2"},
				"down": {"uv": [4, 5.5, 3, 10.5], "texture": "#2"}
			}
		},
		{
			"from": [6, 9.25, -5],
			"to": [8, 9.25, 5],
			"rotation": {"angle": 45, "axis": "z", "origin": [7.75, 9.25, 4]},
			"faces": {
				"north": {"uv": [0, 0, 1, 0], "texture": "#2"},
				"east": {"uv": [0, 0, 5, 0], "texture": "#2"},
				"south": {"uv": [0, 0, 1, 0], "texture": "#2"},
				"west": {"uv": [0, 0, 5, 0], "texture": "#2"},
				"up": {"uv": [6, 8, 5, 3], "texture": "#2"},
				"down": {"uv": [2, 5.5, 1, 10.5], "texture": "#2"}
			}
		},
		{
			"from": [7.25, 12.5, 7.25],
			"to": [8.75, 14, 10.25],
			"rotation": {"angle": 45, "axis": "z", "origin": [8, 13.25, 9.25]},
			"faces": {
				"north": {"uv": [10.5, 5, 11.5, 6], "texture": "#2"},
				"east": {"uv": [7.5, 8, 9, 9], "texture": "#2"},
				"south": {"uv": [10.5, 6, 11.5, 7], "texture": "#2"},
				"west": {"uv": [8.5, 0, 10, 1], "texture": "#2"},
				"up": {"uv": [9.5, 5.5, 8.5, 4], "texture": "#2"},
				"down": {"uv": [9.5, 5.5, 8.5, 7], "texture": "#2"}
			}
		},
		{
			"from": [7, 12.25, 12],
			"to": [9, 14.25, 13],
			"rotation": {"angle": 0, "axis": "y", "origin": [0, 6.75, -6]},
			"faces": {
				"north": {"uv": [11, 8, 12, 9], "texture": "#2"},
				"east": {"uv": [1, 12.5, 1.5, 13.5], "texture": "#2"},
				"south": {"uv": [11, 9, 12, 10], "texture": "#2"},
				"west": {"uv": [1.5, 12.5, 2, 13.5], "texture": "#2"},
				"up": {"uv": [3, 13, 2, 12.5], "texture": "#2"},
				"down": {"uv": [13.5, 2, 12.5, 2.5], "texture": "#2"}
			}
		},
		{
			"from": [7, 12.25, 15],
			"to": [9, 14.25, 16],
			"rotation": {"angle": 0, "axis": "y", "origin": [0, 6.75, -3.25]},
			"faces": {
				"north": {"uv": [10.5, 10, 11.5, 11], "texture": "#2"},
				"east": {"uv": [12, 11, 12.5, 12], "texture": "#2"},
				"south": {"uv": [11, 0, 12, 1], "texture": "#2"},
				"west": {"uv": [12, 12, 12.5, 13], "texture": "#2"},
				"up": {"uv": [13.5, 0.5, 12.5, 0], "texture": "#2"},
				"down": {"uv": [13.5, 0.5, 12.5, 1], "texture": "#2"}
			}
		},
		{
			"from": [8, 10.25, 15],
			"to": [8, 12.25, 16],
			"rotation": {"angle": 0, "axis": "y", "origin": [-0.25, 5, -2.75]},
			"faces": {
				"north": {"uv": [0, 0, 0, 1], "texture": "#2"},
				"east": {"uv": [5.5, 12.5, 6, 13.5], "texture": "#2"},
				"south": {"uv": [0, 0, 0, 1], "texture": "#2"},
				"west": {"uv": [6, 12.5, 6.5, 13.5], "texture": "#2"},
				"up": {"uv": [0, 0.5, 0, 0], "texture": "#2"},
				"down": {"uv": [0, 0, 0, 0.5], "texture": "#2"}
			}
		},
		{
			"from": [8, 10.5, 12],
			"to": [8, 12.5, 13],
			"rotation": {"angle": 0, "axis": "y", "origin": [-0.25, 5.25, -6]},
			"faces": {
				"north": {"uv": [0, 0, 0, 1], "texture": "#2"},
				"east": {"uv": [12.5, 2.5, 13, 3.5], "texture": "#2"},
				"south": {"uv": [0, 0, 0, 1], "texture": "#2"},
				"west": {"uv": [12.5, 3.5, 13, 4.5], "texture": "#2"},
				"up": {"uv": [0, 0.5, 0, 0], "texture": "#2"},
				"down": {"uv": [0, 0, 0, 0.5], "texture": "#2"}
			}
		},
		{
			"from": [7.5, 12.75, 15.75],
			"to": [8.5, 13.75, 19.75],
			"rotation": {"angle": 45, "axis": "z", "origin": [8, 13.25, 18]},
			"faces": {
				"north": {"uv": [3.5, 13, 4, 13.5], "texture": "#2"},
				"east": {"uv": [10.5, 7, 12.5, 7.5], "texture": "#2"},
				"south": {"uv": [13, 3.5, 13.5, 4], "texture": "#2"},
				"west": {"uv": [10.5, 7.5, 12.5, 8], "texture": "#2"},
				"up": {"uv": [11, 10, 10.5, 8], "texture": "#2"},
				"down": {"uv": [10, 10.5, 9.5, 12.5], "texture": "#2"}
			}
		},
		{
			"from": [7.5, 12.75, 10.25],
			"to": [8.5, 13.75, 15.75],
			"rotation": {"angle": 0, "axis": "y", "origin": [0, 6.75, -7.75]},
			"faces": {
				"north": {"uv": [3, 13, 3.5, 13.5], "texture": "#2"},
				"east": {"uv": [8.5, 1, 11.5, 1.5], "texture": "#2"},
				"south": {"uv": [13, 3, 13.5, 3.5], "texture": "#2"},
				"west": {"uv": [8.5, 1.5, 11.5, 2], "texture": "#2"},
				"up": {"uv": [9.5, 10, 9, 7], "texture": "#2"},
				"down": {"uv": [8, 9, 7.5, 12], "texture": "#2"}
			}
		},
		{
			"from": [7.25, 12.75, 13.5],
			"to": [7.25, 13.75, 14.5],
			"rotation": {"angle": 45, "axis": "x", "origin": [7.25, 13.25, 14]},
			"faces": {
				"north": {"uv": [0, 0, 0, 0.5], "texture": "#2"},
				"east": {"uv": [13, 4, 13.5, 4.5], "texture": "#2"},
				"south": {"uv": [0, 0, 0, 0.5], "texture": "#2"},
				"west": {"uv": [13, 4.5, 13.5, 5], "texture": "#2"},
				"up": {"uv": [0, 0.5, 0, 0], "texture": "#2"},
				"down": {"uv": [0, 0, 0, 0.5], "texture": "#2"}
			}
		},
		{
			"from": [8.75, 12.75, 13.5],
			"to": [8.75, 13.75, 14.5],
			"rotation": {"angle": 45, "axis": "x", "origin": [8.75, 13.25, 14]},
			"faces": {
				"north": {"uv": [0, 0, 0, 0.5], "texture": "#2"},
				"east": {"uv": [5, 13, 5.5, 13.5], "texture": "#2"},
				"south": {"uv": [0, 0, 0, 0.5], "texture": "#2"},
				"west": {"uv": [13, 5, 13.5, 5.5], "texture": "#2"},
				"up": {"uv": [0, 0.5, 0, 0], "texture": "#2"},
				"down": {"uv": [0, 0, 0, 0.5], "texture": "#2"}
			}
		},
		{
			"name": "cube inverted",
			"from": [9, 14.25, 13],
			"to": [7, 12.25, 12],
			"rotation": {"angle": 0, "axis": "y", "origin": [0, 6.75, -6]},
			"faces": {
				"north": {"uv": [11, 10, 12, 9], "texture": "#2"},
				"east": {"uv": [1.5, 13.5, 2, 12.5], "texture": "#2"},
				"south": {"uv": [11, 9, 12, 8], "texture": "#2"},
				"west": {"uv": [1, 13.5, 1.5, 12.5], "texture": "#2"},
				"up": {"uv": [12.5, 2, 13.5, 2.5], "texture": "#2"},
				"down": {"uv": [2, 13, 3, 12.5], "texture": "#2"}
			}
		},
		{
			"name": "cube inverted",
			"from": [9, 14.25, 16],
			"to": [7, 12.25, 15],
			"rotation": {"angle": 0, "axis": "y", "origin": [0, 6.75, -3.25]},
			"faces": {
				"north": {"uv": [11, 1, 12, 0], "texture": "#2"},
				"east": {"uv": [12, 13, 12.5, 12], "texture": "#2"},
				"south": {"uv": [10.5, 11, 11.5, 10], "texture": "#2"},
				"west": {"uv": [12, 12, 12.5, 11], "texture": "#2"},
				"up": {"uv": [12.5, 0.5, 13.5, 1], "texture": "#2"},
				"down": {"uv": [12.5, 0.5, 13.5, 0], "texture": "#2"}
			}
		},
		{
			"from": [8.5, 11, 15.25],
			"to": [10.5, 11, 18.25],
			"rotation": {"angle": -22.5, "axis": "z", "origin": [8.5, 11, 16.75]},
			"faces": {
				"north": {"uv": [0, 0, 1, 0], "texture": "#2"},
				"east": {"uv": [0, 0, 1.5, 0], "texture": "#2"},
				"south": {"uv": [0, 0, 1, 0], "texture": "#2"},
				"west": {"uv": [0, 0, 1.5, 0], "texture": "#2"},
				"up": {"uv": [10.5, 6.5, 9.5, 5], "texture": "#2"},
				"down": {"uv": [10.5, 6.5, 9.5, 8], "texture": "#2"}
			}
		},
		{
			"from": [9.24814, 9.83556, 17.75],
			"to": [10.24814, 10.83556, 18.75],
			"rotation": {"angle": 45, "axis": "z", "origin": [9.74814, 10.33556, 18.25]},
			"faces": {
				"north": {"uv": [12.5, 4.5, 13, 5], "texture": "#2"},
				"east": {"uv": [6.5, 12.5, 7, 13], "texture": "#2"},
				"south": {"uv": [12.5, 7, 13, 7.5], "texture": "#2"},
				"west": {"uv": [12.5, 7.5, 13, 8], "texture": "#2"},
				"up": {"uv": [13, 8.5, 12.5, 8], "texture": "#2"},
				"down": {"uv": [9, 12.5, 8.5, 13], "texture": "#2"}
			}
		},
		{
			"from": [7.5, 7, 24],
			"to": [8.5, 9, 28],
			"rotation": {"angle": 0, "axis": "y", "origin": [0, 2, -1]},
			"faces": {
				"north": {"uv": [12, 0, 12.5, 1], "texture": "#2"},
				"east": {"uv": [6, 6, 8, 7], "texture": "#2"},
				"south": {"uv": [12, 2, 12.5, 3], "texture": "#2"},
				"west": {"uv": [6, 7, 8, 8], "texture": "#2"},
				"up": {"uv": [9.5, 12, 9, 10], "texture": "#2"},
				"down": {"uv": [10.5, 10, 10, 12], "texture": "#2"}
			}
		},
		{
			"from": [7.505, 5.5, 19],
			"to": [8.495, 9.5, 21],
			"rotation": {"angle": -22.5, "axis": "x", "origin": [8, 8.5, 20]},
			"faces": {
				"north": {"uv": [1, 10.5, 1.5, 12.5], "texture": "#2"},
				"east": {"uv": [5.5, 8, 6.5, 10], "texture": "#2"},
				"south": {"uv": [1.5, 10.5, 2, 12.5], "texture": "#2"},
				"west": {"uv": [6.5, 8, 7.5, 10], "texture": "#2"},
				"up": {"uv": [12.5, 4, 12, 3], "texture": "#2"},
				"down": {"uv": [5.5, 12, 5, 13], "texture": "#2"}
			}
		},
		{
			"from": [7.5, 5.72836, 21.14805],
			"to": [8.5, 6.72836, 24.14805],
			"rotation": {"angle": 0, "axis": "y", "origin": [8, 8.72836, 21.14805]},
			"faces": {
				"north": {"uv": [9.5, 12.5, 10, 13], "texture": "#2"},
				"east": {"uv": [10.5, 11, 12, 11.5], "texture": "#2"},
				"south": {"uv": [12.5, 10, 13, 10.5], "texture": "#2"},
				"west": {"uv": [11.5, 1, 13, 1.5], "texture": "#2"},
				"up": {"uv": [3.5, 13, 3, 11.5], "texture": "#2"},
				"down": {"uv": [4, 11.5, 3.5, 13], "texture": "#2"}
			}
		},
		{
			"from": [7.505, 5.72836, 24.14805],
			"to": [8.495, 6.72836, 26.14805],
			"rotation": {"angle": -45, "axis": "x", "origin": [8, 5.72836, 24.14805]},
			"faces": {
				"north": {"uv": [12.5, 11.5, 13, 12], "texture": "#2"},
				"east": {"uv": [12, 5, 13, 5.5], "texture": "#2"},
				"south": {"uv": [12.5, 12, 13, 12.5], "texture": "#2"},
				"west": {"uv": [12, 5.5, 13, 6], "texture": "#2"},
				"up": {"uv": [7.5, 13, 7, 12], "texture": "#2"},
				"down": {"uv": [8, 12, 7.5, 13], "texture": "#2"}
			}
		},
		{
			"from": [7.5, 9, 11],
			"to": [8.5, 11, 28],
			"rotation": {"angle": 0, "axis": "y", "origin": [0, 2, -1]},
			"faces": {
				"north": {"uv": [8.5, 7, 9, 8], "texture": "#2"},
				"east": {"uv": [0, 0, 8.5, 1], "texture": "#2"},
				"south": {"uv": [11.5, 10, 12, 11], "texture": "#2"},
				"west": {"uv": [0, 1, 8.5, 2], "texture": "#2"},
				"up": {"uv": [4.5, 14, 4, 5.5], "texture": "#2"},
				"down": {"uv": [5, 5.5, 4.5, 14], "texture": "#2"}
			}
		},
		{
			"from": [7.5, 8, 11],
			"to": [8.5, 9, 17],
			"rotation": {"angle": 0, "axis": "y", "origin": [0, 0, -1]},
			"faces": {
				"north": {"uv": [13, 5.5, 13.5, 6], "texture": "#2"},
				"east": {"uv": [9.5, 4, 12.5, 4.5], "texture": "#2"},
				"south": {"uv": [13, 6, 13.5, 6.5], "texture": "#2"},
				"west": {"uv": [9.5, 4.5, 12.5, 5], "texture": "#2"},
				"up": {"uv": [8.5, 12, 8, 9], "texture": "#2"},
				"down": {"uv": [9, 9, 8.5, 12], "texture": "#2"}
			}
		},
		{
			"from": [7.5, 10, -13],
			"to": [8.5, 11, 11],
			"rotation": {"angle": 0, "axis": "y", "origin": [8, 10.5, 3.5]},
			"faces": {
				"north": {"uv": [12.5, 10.5, 13, 11], "texture": "#2"},
				"east": {"uv": [0, 2, 12, 2.5], "texture": "#2"},
				"south": {"uv": [12.5, 11, 13, 11.5], "texture": "#2"},
				"west": {"uv": [0, 2.5, 12, 3], "texture": "#2"},
				"up": {"uv": [0.5, 15, 0, 3], "texture": "#2"},
				"down": {"uv": [1, 3, 0.5, 15], "texture": "#2"}
			}
		},
		{
			"from": [7, 9.5, -13],
			"to": [9, 11.5, -12],
			"rotation": {"angle": 0, "axis": "y", "origin": [7.75, 10.25, -6.5]},
			"faces": {
				"north": {"uv": [10, 0, 11, 1], "texture": "#2"},
				"east": {"uv": [8, 12, 8.5, 13], "texture": "#2"},
				"south": {"uv": [3, 10.5, 4, 11.5], "texture": "#2"},
				"west": {"uv": [12, 8, 12.5, 9], "texture": "#2"},
				"up": {"uv": [13, 6.5, 12, 6], "texture": "#2"},
				"down": {"uv": [9.5, 12, 8.5, 12.5], "texture": "#2"}
			}
		},
		{
			"from": [7.5, 10, -16],
			"to": [8.5, 11, -13],
			"rotation": {"angle": 45, "axis": "z", "origin": [8, 10.5, -14.5]},
			"faces": {
				"north": {"uv": [12.5, 12.5, 13, 13], "texture": "#2"},
				"east": {"uv": [11.5, 1.5, 13, 2], "texture": "#2"},
				"south": {"uv": [13, 1, 13.5, 1.5], "texture": "#2"},
				"west": {"uv": [11.5, 6.5, 13, 7], "texture": "#2"},
				"up": {"uv": [11.5, 13, 11, 11.5], "texture": "#2"},
				"down": {"uv": [12, 11.5, 11.5, 13], "texture": "#2"}
			}
		},
		{
			"from": [7.5, 9, 3],
			"to": [8.5, 10, 11],
			"rotation": {"angle": 0, "axis": "y", "origin": [0, 4, -11]},
			"faces": {
				"north": {"uv": [12.5, 8.5, 13, 9], "texture": "#2"},
				"east": {"uv": [8, 3, 12, 3.5], "texture": "#2"},
				"south": {"uv": [9, 12.5, 9.5, 13], "texture": "#2"},
				"west": {"uv": [8, 3.5, 12, 4], "texture": "#2"},
				"up": {"uv": [8.5, 8, 8, 4], "texture": "#2"},
				"down": {"uv": [5.5, 8, 5, 12], "texture": "#2"}
			}
		},
		{
			"from": [7.5, 6, 28],
			"to": [8.5, 11, 32],
			"rotation": {"angle": 0, "axis": "y", "origin": [0, 2, 0]},
			"faces": {
				"north": {"uv": [9.5, 8, 10, 10.5], "texture": "#2"},
				"east": {"uv": [1, 3, 3, 5.5], "texture": "#2"},
				"south": {"uv": [5.5, 10, 6, 12.5], "texture": "#2"},
				"west": {"uv": [3, 3, 5, 5.5], "texture": "#2"},
				"up": {"uv": [7.5, 12, 7, 10], "texture": "#2"},
				"down": {"uv": [10.5, 8, 10, 10], "texture": "#2"}
			}
		}
	],
	"display": {
		"thirdperson_righthand": {
			"translation": [0, 0, -5],
			"scale": [0.6, 0.6, 0.6]
		},
		"thirdperson_lefthand": {
			"translation": [0, 0, -5],
			"scale": [0.6, 0.6, 0.6]
		},
		"gui": {
			"rotation": [25, -146, 0],
			"translation": [0.5, -0.75, 0],
			"scale": [0.52, 0.52, 0.52]
		}
	},
	"groups": [
		{
			"name": "awp",
			"origin": [8, 8, 8],
			"color": 0,
			"children": [
				{
					"name": "trigger",
					"origin": [0, -1, 8],
					"color": 0,
					"children": [0, 1, 2]
				},
				{
					"name": "ammo",
					"origin": [0.08, -1.1, -0.5],
					"color": 0,
					"children": [3, 4]
				},
				{
					"name": "line",
					"origin": [7.75, 5.75, 12.5],
					"color": 0,
					"children": [5, 6]
				},
				{
					"name": "scope",
					"origin": [0, 2.25, 3.5],
					"color": 0,
					"children": [7, 8, 9, 10, 11, 12, 13, 14, 15, 16, 17]
				},
				{
					"name": "bolt",
					"origin": [8, 8, 8],
					"color": 0,
					"children": [18, 19]
				},
				20,
				21,
				22,
				23,
				24,
				25,
				26,
				27,
				28,
				29,
				30
			]
		}
	]
}