{
	"credit": "Made with Blockbench",
	"texture_size": [32, 32],
	"textures": {
		"1": "custom/bomb"
	},
	"elements": [
		{
			"from": [11.79289, 0.5, 8],
			"to": [13.20711, 0.5, 10],
			"rotation": {"angle": 45, "axis": "z", "origin": [12.5, 0.5, 9]},
			"faces": {
				"north": {"uv": [0, 0, 0.5, 0], "texture": "#1"},
				"east": {"uv": [0, 0, 1, 0], "texture": "#1"},
				"south": {"uv": [0, 0, 0.5, 0], "texture": "#1"},
				"west": {"uv": [0, 0, 1, 0], "texture": "#1"},
				"up": {"uv": [8.5, 10, 8, 9], "texture": "#1"},
				"down": {"uv": [9, 9, 8.5, 10], "texture": "#1"}
			}
		},
		{
			"from": [4, 0, 3],
			"to": [12, 3, 13],
			"faces": {
				"north": {"uv": [0, 6.5, 4, 8], "texture": "#1"},
				"east": {"uv": [0, 5, 5, 6.5], "texture": "#1"},
				"south": {"uv": [4, 6.5, 8, 8], "texture": "#1"},
				"west": {"uv": [5, 5, 10, 6.5], "texture": "#1"},
				"up": {"uv": [4, 5, 0, 0], "texture": "#1"},
				"down": {"uv": [8, 0, 4, 5], "texture": "#1"}
			}
		},
		{
			"from": [6.5, 3.2, 4.5],
			"to": [9.5, 3.2, 8.5],
			"faces": {
				"north": {"uv": [0, 0, 1.5, 0], "texture": "#1"},
				"east": {"uv": [0, 0, 2, 0], "texture": "#1"},
				"south": {"uv": [0, 0, 1.5, 0], "texture": "#1"},
				"west": {"uv": [0, 0, 2, 0], "texture": "#1"},
				"up": {"uv": [7, 10, 5.5, 8], "texture": "#1"},
				"down": {"uv": [9.5, 6.5, 8, 8.5], "texture": "#1"}
			}
		},
		{
			"from": [4, 3.1, 4],
			"to": [7, 3.1, 10],
			"faces": {
				"north": {"uv": [0, 0, 1.5, 0], "texture": "#1"},
				"east": {"uv": [0, 0, 3, 0], "texture": "#1"},
				"south": {"uv": [0, 0, 1.5, 0], "texture": "#1"},
				"west": {"uv": [0, 0, 3, 0], "texture": "#1"},
				"up": {"uv": [9.5, 4.5, 8, 1.5], "texture": "#1"},
				"down": {"uv": [5.5, 8, 4, 11], "texture": "#1"}
			}
		},
		{
			"from": [11.995, 1, 7.5],
			"to": [12.995, 2, 11.5],
			"faces": {
				"north": {"uv": [1.5, 9.5, 2, 10], "texture": "#1"},
				"east": {"uv": [8, 4.5, 10, 5], "texture": "#1"},
				"south": {"uv": [9.5, 1.5, 10, 2], "texture": "#1"},
				"west": {"uv": [7, 8.5, 9, 9], "texture": "#1"},
				"up": {"uv": [7.5, 11, 7, 9], "texture": "#1"},
				"down": {"uv": [8, 9, 7.5, 11], "texture": "#1"}
			}
		},
		{
			"from": [13, 1, 8],
			"to": [13, 2, 10],
			"faces": {
				"north": {"uv": [0, 0, 0, 0.5], "texture": "#1"},
				"east": {"uv": [7, 8, 8, 8.5], "texture": "#1"},
				"south": {"uv": [0, 0, 0, 0.5], "texture": "#1"},
				"west": {"uv": [9, 8.5, 10, 9], "texture": "#1"},
				"up": {"uv": [0, 1, 0, 0], "texture": "#1"},
				"down": {"uv": [0, 0, 0, 1], "texture": "#1"}
			}
		},
		{
			"from": [12.495, 1, 11],
			"to": [12.495, 3, 12],
			"faces": {
				"north": {"uv": [0, 0, 0, 1], "texture": "#1"},
				"east": {"uv": [9, 9, 9.5, 10], "texture": "#1"},
				"south": {"uv": [0, 0, 0, 1], "texture": "#1"},
				"west": {"uv": [0, 9.5, 0.5, 10.5], "texture": "#1"},
				"up": {"uv": [0, 0.5, 0, 0], "texture": "#1"},
				"down": {"uv": [0, 0, 0, 0.5], "texture": "#1"}
			}
		},
		{
			"from": [11.7064, 2.29219, 8],
			"to": [13.12061, 2.29219, 10],
			"rotation": {"angle": -45, "axis": "z", "origin": [12.7064, 2.29219, 12]},
			"faces": {
				"north": {"uv": [0, 0, 0.5, 0], "texture": "#1"},
				"east": {"uv": [0, 0, 1, 0], "texture": "#1"},
				"south": {"uv": [0, 0, 0.5, 0], "texture": "#1"},
				"west": {"uv": [0, 0, 1, 0], "texture": "#1"},
				"up": {"uv": [1, 10.5, 0.5, 9.5], "texture": "#1"},
				"down": {"uv": [1.5, 9.5, 1, 10.5], "texture": "#1"}
			}
		}
	],
	"display": {
		"thirdperson_righthand": {
			"rotation": [0, 0, -90],
			"translation": [4, -2.25, 0],
			"scale": [0.64, 0.64, 0.64]
		},
		"thirdperson_lefthand": {
			"rotation": [0, 0, -90],
			"translation": [4, -2.25, 0],
			"scale": [0.64, 0.64, 0.64]
		},
		"firstperson_righthand": {
			"rotation": [78, 166, -35],
			"translation": [0, 4, 0]
		},
		"firstperson_lefthand": {
			"rotation": [78, 166, -35],
			"translation": [0, 4, 0]
		},
		"ground": {
			"translation": [0, 4.5, 0]
		},
		"gui": {
			"rotation": [58, 157, 0],
			"translation": [0, 3.25, 0]
		},
		"head": {
			"translation": [0, 14, 0]
		}
	},
	"groups": [
		{
			"name": "bomb",
			"origin": [8, 8, 8],
			"color": 0,
			"children": [0, 1, 2, 3, 4, 5, 6, 7]
		}
	]
}