{
	"credit": "Made with Blockbench",
	"texture_size": [64, 64],
	"textures": {
		"2": "custom/famas",
		"particle": "custom/famas"
	},
	"elements": [
		{
			"from": [8, 7, 6.25],
			"to": [8, 9, 7.25],
			"rotation": {"angle": -22.5, "axis": "x", "origin": [8, 8.5, 6.25]},
			"faces": {
				"north": {"uv": [0, 0, 0, 0.5], "texture": "#2"},
				"east": {"uv": [3, 6.75, 3.25, 7.25], "texture": "#2"},
				"south": {"uv": [0, 0, 0, 0.5], "texture": "#2"},
				"west": {"uv": [6.75, 3, 7, 3.5], "texture": "#2"},
				"up": {"uv": [0, 0.25, 0, 0], "texture": "#2"},
				"down": {"uv": [0, 0, 0, 0.25], "texture": "#2"}
			}
		},
		{
			"from": [7.5, 7, 5],
			"to": [8.5, 9, 8],
			"rotation": {"angle": 0, "axis": "y", "origin": [8, 9, 5]},
			"faces": {
				"north": {"uv": [3.25, 6.75, 3.5, 7.25], "texture": "#2"},
				"east": {"uv": [5.75, 5.25, 6.5, 5.75], "texture": "#2"},
				"south": {"uv": [3.5, 6.75, 3.75, 7.25], "texture": "#2"},
				"west": {"uv": [6, 1.5, 6.75, 2], "texture": "#2"},
				"up": {"uv": [6, 7.25, 5.75, 6.5], "texture": "#2"},
				"down": {"uv": [6.75, 5.75, 6.5, 6.5], "texture": "#2"}
			}
		},
		{
			"name": "cube inverted",
			"from": [8.5, 9, 8],
			"to": [7.5, 7, 5],
			"rotation": {"angle": 0, "axis": "y", "origin": [8, 9, 5]},
			"faces": {
				"north": {"uv": [3.5, 7.25, 3.75, 6.75], "texture": "#2"},
				"east": {"uv": [6, 2, 6.75, 1.5], "texture": "#2"},
				"south": {"uv": [3.25, 7.25, 3.5, 6.75], "texture": "#2"},
				"west": {"uv": [5.75, 5.75, 6.5, 5.25], "texture": "#2"},
				"up": {"uv": [6.5, 5.75, 6.75, 6.5], "texture": "#2"},
				"down": {"uv": [5.75, 7.25, 6, 6.5], "texture": "#2"}
			}
		},
		{
			"from": [7.5, 4, 14],
			"to": [8.5, 10, 17],
			"rotation": {"angle": 0, "axis": "y", "origin": [8, 8.5, 8]},
			"faces": {
				"north": {"uv": [6, 2, 6.25, 3.5], "texture": "#2"},
				"east": {"uv": [4.5, 4.5, 5.25, 6], "texture": "#2"},
				"south": {"uv": [4.5, 6, 4.75, 7.5], "texture": "#2"},
				"west": {"uv": [4.75, 1.5, 5.5, 3], "texture": "#2"},
				"up": {"uv": [6.25, 7.25, 6, 6.5], "texture": "#2"},
				"down": {"uv": [6.5, 6.5, 6.25, 7.25], "texture": "#2"}
			}
		},
		{
			"from": [7.5, 3.13068, 16.09872],
			"to": [8.5, 4, 17],
			"rotation": {"angle": 0, "axis": "y", "origin": [8, 8.5, 8]},
			"faces": {
				"north": {"uv": [1.75, 7, 2, 7.25], "texture": "#2"},
				"east": {"uv": [7, 2, 7.25, 2.25], "texture": "#2"},
				"south": {"uv": [7, 2.25, 7.25, 2.5], "texture": "#2"},
				"west": {"uv": [7, 2.5, 7.25, 2.75], "texture": "#2"},
				"up": {"uv": [7.25, 3, 7, 2.75], "texture": "#2"},
				"down": {"uv": [7.25, 3, 7, 3.25], "texture": "#2"}
			}
		},
		{
			"from": [7.505, 4, 14],
			"to": [8.495, 5.14805, 16.27164],
			"shade": false,
			"rotation": {"angle": 22.5, "axis": "x", "origin": [8, 4, 14]},
			"faces": {
				"north": {"uv": [7, 3.25, 7.25, 3.5], "texture": "#2"},
				"east": {"uv": [5.5, 2.75, 6, 3], "texture": "#2"},
				"south": {"uv": [3.75, 7, 4, 7.25], "texture": "#2"},
				"west": {"uv": [3.75, 6.75, 4.25, 7], "texture": "#2"},
				"up": {"uv": [7, 5, 6.75, 4.5], "texture": "#2"},
				"down": {"uv": [5, 6.75, 4.75, 7.25], "texture": "#2"}
			}
		},
		{
			"from": [7.5, 11.5, -2.5],
			"to": [7.5, 14.5, 12.5],
			"rotation": {"angle": 0, "axis": "y", "origin": [9, 0, 1]},
			"faces": {
				"north": {"uv": [0, 0, 0, 0.75], "texture": "#2"},
				"east": {"uv": [1, 1.5, 4.75, 2.25], "texture": "#2"},
				"south": {"uv": [0, 0, 0, 0.75], "texture": "#2"},
				"west": {"uv": [1, 2.25, 4.75, 3], "texture": "#2"},
				"up": {"uv": [0, 3.75, 0, 0], "texture": "#2"},
				"down": {"uv": [0, 0, 0, 3.75], "texture": "#2"}
			}
		},
		{
			"from": [8.5, 11.5, -2.5],
			"to": [8.5, 14.5, 12.5],
			"rotation": {"angle": 0, "axis": "y", "origin": [7, 0, 1]},
			"faces": {
				"north": {"uv": [0, 0, 0, 0.75], "texture": "#2"},
				"east": {"uv": [1, 3, 4.75, 3.75], "texture": "#2"},
				"south": {"uv": [0, 0, 0, 0.75], "texture": "#2"},
				"west": {"uv": [1, 3.75, 4.75, 4.5], "texture": "#2"},
				"up": {"uv": [0, 3.75, 0, 0], "texture": "#2"},
				"down": {"uv": [0, 0, 0, 3.75], "texture": "#2"}
			}
		},
		{
			"from": [8, 9.25, 1.5],
			"to": [8, 12.25, 4.5],
			"rotation": {"angle": -22.5, "axis": "x", "origin": [8, 11.25, 1.5]},
			"faces": {
				"north": {"uv": [0, 0, 0, 0.75], "texture": "#2"},
				"east": {"uv": [5.75, 4.5, 6.5, 5.25], "texture": "#2"},
				"south": {"uv": [0, 0, 0, 0.75], "texture": "#2"},
				"west": {"uv": [5.25, 5.75, 6, 6.5], "texture": "#2"},
				"up": {"uv": [0, 0.75, 0, 0], "texture": "#2"},
				"down": {"uv": [0, 0, 0, 0.75], "texture": "#2"}
			}
		},
		{
			"from": [7.5, 11.5, 10.5],
			"to": [8.5, 13.5, 10.5],
			"rotation": {"angle": 0, "axis": "y", "origin": [7, 0, 1]},
			"faces": {
				"north": {"uv": [5, 6.75, 5.25, 7.25], "texture": "#2"},
				"east": {"uv": [0, 0, 0, 0.5], "texture": "#2"},
				"south": {"uv": [6.75, 5, 7, 5.5], "texture": "#2"},
				"west": {"uv": [0, 0, 0, 0.5], "texture": "#2"},
				"up": {"uv": [0.25, 0, 0, 0], "texture": "#2"},
				"down": {"uv": [0.25, 0, 0, 0], "texture": "#2"}
			}
		},
		{
			"from": [7.5, 13.5, -1.5],
			"to": [8.5, 13.5, 10.5],
			"rotation": {"angle": 0, "axis": "y", "origin": [7, 0, 1]},
			"faces": {
				"north": {"uv": [0, 0, 0.25, 0], "texture": "#2"},
				"east": {"uv": [0, 0, 3, 0], "texture": "#2"},
				"south": {"uv": [0, 0, 0.25, 0], "texture": "#2"},
				"west": {"uv": [0, 0, 3, 0], "texture": "#2"},
				"up": {"uv": [2.25, 8.25, 2, 5.25], "texture": "#2"},
				"down": {"uv": [2.5, 5.25, 2.25, 8.25], "texture": "#2"}
			}
		},
		{
			"from": [7.5, 11.5, -1.5],
			"to": [8.5, 13.5, -1.5],
			"rotation": {"angle": 0, "axis": "y", "origin": [7, 0, 1]},
			"faces": {
				"north": {"uv": [6.75, 5.5, 7, 6], "texture": "#2"},
				"east": {"uv": [0, 0, 0, 0.5], "texture": "#2"},
				"south": {"uv": [6.75, 6, 7, 6.5], "texture": "#2"},
				"west": {"uv": [0, 0, 0, 0.5], "texture": "#2"},
				"up": {"uv": [0.25, 0, 0, 0], "texture": "#2"},
				"down": {"uv": [0.25, 0, 0, 0], "texture": "#2"}
			}
		},
		{
			"from": [7.6, 9.6, -7],
			"to": [8.4, 10.4, -2],
			"rotation": {"angle": 0, "axis": "y", "origin": [8, 10, -4]},
			"faces": {
				"north": {"uv": [4, 7, 4.25, 7.25], "texture": "#2"},
				"east": {"uv": [6, 4.25, 7.25, 4.5], "texture": "#2"},
				"south": {"uv": [7, 4.5, 7.25, 4.75], "texture": "#2"},
				"west": {"uv": [3, 6.5, 4.25, 6.75], "texture": "#2"},
				"up": {"uv": [4.5, 7.75, 4.25, 6.5], "texture": "#2"},
				"down": {"uv": [6.75, 4.5, 6.5, 5.75], "texture": "#2"}
			}
		},
		{
			"from": [7.5, 9.5, -10],
			"to": [8.5, 10.5, -7],
			"rotation": {"angle": 45, "axis": "z", "origin": [8, 10, -8.5]},
			"faces": {
				"north": {"uv": [7, 4.75, 7.25, 5], "texture": "#2"},
				"east": {"uv": [6.5, 4, 7.25, 4.25], "texture": "#2"},
				"south": {"uv": [7, 5, 7.25, 5.25], "texture": "#2"},
				"west": {"uv": [6.5, 6.5, 7.25, 6.75], "texture": "#2"},
				"up": {"uv": [7, 2.25, 6.75, 1.5], "texture": "#2"},
				"down": {"uv": [7, 2.25, 6.75, 3], "texture": "#2"}
			}
		},
		{
			"from": [7, 8.5, -2.5],
			"to": [9, 11.5, 25.5],
			"rotation": {"angle": 0, "axis": "y", "origin": [7, 0, 1]},
			"faces": {
				"north": {"uv": [6, 3.5, 6.5, 4.25], "texture": "#2"},
				"east": {"uv": [0, 0, 7, 0.75], "texture": "#2"},
				"south": {"uv": [4.75, 6, 5.25, 6.75], "texture": "#2"},
				"west": {"uv": [0, 0.75, 7, 1.5], "texture": "#2"},
				"up": {"uv": [0.5, 8.5, 0, 1.5], "texture": "#2"},
				"down": {"uv": [1, 1.5, 0.5, 8.5], "texture": "#2"}
			}
		},
		{
			"from": [7.01, 8.5, 13.5],
			"to": [8.99, 11.5, 18],
			"rotation": {"angle": -22.5, "axis": "x", "origin": [8, 8.5, 18]},
			"faces": {
				"north": {"uv": [6, 5.75, 6.5, 6.5], "texture": "#2"},
				"east": {"uv": [4.75, 3, 6, 3.75], "texture": "#2"},
				"south": {"uv": [6.25, 2, 6.75, 2.75], "texture": "#2"},
				"west": {"uv": [4.75, 3.75, 6, 4.5], "texture": "#2"},
				"up": {"uv": [3, 6.5, 2.5, 5.25], "texture": "#2"},
				"down": {"uv": [3.5, 5.25, 3, 6.5], "texture": "#2"}
			}
		},
		{
			"from": [7.01, 8.5, 12.5],
			"to": [8.99, 8.5, 13.5],
			"rotation": {"angle": -22.5, "axis": "x", "origin": [8, 8.5, 18]},
			"faces": {
				"north": {"uv": [0, 0, 0.5, 0], "texture": "#2"},
				"east": {"uv": [0, 0, 0.25, 0], "texture": "#2"},
				"south": {"uv": [0, 0, 0.5, 0], "texture": "#2"},
				"west": {"uv": [0, 0, 0.25, 0], "texture": "#2"},
				"up": {"uv": [7, 7, 6.5, 6.75], "texture": "#2"},
				"down": {"uv": [7.5, 0, 7, 0.25], "texture": "#2"}
			}
		},
		{
			"from": [7.01, 8.5, 17.5],
			"to": [8.99, 11.56147, 24.89104],
			"rotation": {"angle": 22.5, "axis": "x", "origin": [8, 8.5, 17.5]},
			"faces": {
				"north": {"uv": [6.25, 2.75, 6.75, 3.5], "texture": "#2"},
				"east": {"uv": [1, 4.5, 2.75, 5.25], "texture": "#2"},
				"south": {"uv": [2.5, 6.5, 3, 7.25], "texture": "#2"},
				"west": {"uv": [2.75, 4.5, 4.5, 5.25], "texture": "#2"},
				"up": {"uv": [1.5, 7, 1, 5.25], "texture": "#2"},
				"down": {"uv": [2, 5.25, 1.5, 7], "texture": "#2"}
			}
		},
		{
			"from": [7, 11.5, 20.5],
			"to": [9, 12.5, 25.5],
			"rotation": {"angle": 0, "axis": "y", "origin": [7, 0, 1]},
			"faces": {
				"north": {"uv": [7, 0.25, 7.5, 0.5], "texture": "#2"},
				"east": {"uv": [6.5, 3.5, 7.75, 3.75], "texture": "#2"},
				"south": {"uv": [7, 0.5, 7.5, 0.75], "texture": "#2"},
				"west": {"uv": [6.5, 3.75, 7.75, 4], "texture": "#2"},
				"up": {"uv": [4, 6.5, 3.5, 5.25], "texture": "#2"},
				"down": {"uv": [4.5, 5.25, 4, 6.5], "texture": "#2"}
			}
		},
		{
			"from": [7.01, 11.5, 19.08579],
			"to": [8.99, 12.5, 20.5],
			"rotation": {"angle": -45, "axis": "x", "origin": [8, 12.5, 20.5]},
			"faces": {
				"north": {"uv": [7, 0.75, 7.5, 1], "texture": "#2"},
				"east": {"uv": [7, 5.25, 7.25, 5.5], "texture": "#2"},
				"south": {"uv": [1, 7, 1.5, 7.25], "texture": "#2"},
				"west": {"uv": [7, 5.5, 7.25, 5.75], "texture": "#2"},
				"up": {"uv": [7.5, 1.25, 7, 1], "texture": "#2"},
				"down": {"uv": [7.5, 1.25, 7, 1.5], "texture": "#2"}
			}
		},
		{
			"from": [7.5, 3.5, 8],
			"to": [8.5, 8.5, 10],
			"rotation": {"angle": -22.5, "axis": "x", "origin": [8, 8.5, 8]},
			"faces": {
				"north": {"uv": [5.25, 6.5, 5.5, 7.75], "texture": "#2"},
				"east": {"uv": [5.25, 4.5, 5.75, 5.75], "texture": "#2"},
				"south": {"uv": [5.5, 6.5, 5.75, 7.75], "texture": "#2"},
				"west": {"uv": [5.5, 1.5, 6, 2.75], "texture": "#2"},
				"up": {"uv": [1.75, 7.5, 1.5, 7], "texture": "#2"},
				"down": {"uv": [7.25, 1.5, 7, 2], "texture": "#2"}
			}
		}
	],
	"display": {
		"thirdperson_righthand": {
			"scale": [0.58, 0.58, 0.58]
		},
		"thirdperson_lefthand": {
			"scale": [0.58, 0.58, 0.58]
		},
		"gui": {
			"rotation": [36, 133, 0],
			"translation": [0, -1.25, 0],
			"scale": [0.55, 0.55, 0.55]
		}
	},
	"groups": [
		{
			"name": "famas",
			"origin": [0, 0, 0],
			"color": 0,
			"children": [
				{
					"name": "trigger",
					"origin": [8, 9, 4],
					"color": 0,
					"children": [0, 1, 2]
				},
				{
					"name": "ammo",
					"origin": [8, 4, 13],
					"color": 0,
					"children": [3, 4, 5]
				},
				{
					"name": "frame",
					"origin": [7, 0, 0],
					"color": 0,
					"children": [6, 7, 8, 9, 10, 11]
				},
				12,
				13,
				14,
				15,
				16,
				17,
				18,
				19,
				20
			]
		}
	]
}