{
	"credit": "Made with Blockbench",
	"textures": {
		"1": "custom/flashbang"
	},
	"elements": [
		{
			"name": "octagon",
			"from": [6.5, 6, 7.37868],
			"to": [9.5, 7, 8.62132],
			"rotation": {"angle": -22.5, "axis": "y", "origin": [8, 6.5, 8]},
			"faces": {
				"north": {"uv": [8, 0, 11, 1], "texture": "#1"},
				"east": {"uv": [7, 11, 8, 12], "texture": "#1"},
				"south": {"uv": [8, 1, 11, 2], "texture": "#1"},
				"west": {"uv": [0, 13, 1, 14], "texture": "#1"},
				"up": {"uv": [11, 3, 8, 2], "texture": "#1"},
				"down": {"uv": [11, 3, 8, 4], "texture": "#1"}
			}
		},
		{
			"name": "octagon",
			"from": [7.37868, 6, 6.5],
			"to": [8.62132, 7, 9.5],
			"rotation": {"angle": 22.5, "axis": "y", "origin": [8, 6.5, 8]},
			"faces": {
				"north": {"uv": [1, 13, 2, 14], "texture": "#1"},
				"east": {"uv": [4, 8, 7, 9], "texture": "#1"},
				"south": {"uv": [2, 13, 3, 14], "texture": "#1"},
				"west": {"uv": [8, 4, 11, 5], "texture": "#1"},
				"up": {"uv": [9, 8, 8, 5], "texture": "#1"},
				"down": {"uv": [8, 8, 7, 11], "texture": "#1"}
			}
		},
		{
			"name": "octagon",
			"from": [7.37868, 6, 6.5],
			"to": [8.62132, 7, 9.5],
			"rotation": {"angle": -22.5, "axis": "y", "origin": [8, 6.5, 8]},
			"faces": {
				"north": {"uv": [13, 5, 14, 6], "texture": "#1"},
				"east": {"uv": [8, 8, 11, 9], "texture": "#1"},
				"south": {"uv": [13, 6, 14, 7], "texture": "#1"},
				"west": {"uv": [4, 9, 7, 10], "texture": "#1"},
				"up": {"uv": [10, 8, 9, 5], "texture": "#1"},
				"down": {"uv": [9, 9, 8, 12], "texture": "#1"}
			}
		},
		{
			"name": "octagon",
			"from": [6.5, 6, 7.37868],
			"to": [9.5, 7, 8.62132],
			"rotation": {"angle": 22.5, "axis": "y", "origin": [8, 6.5, 8]},
			"faces": {
				"north": {"uv": [9, 9, 12, 10], "texture": "#1"},
				"east": {"uv": [7, 13, 8, 14], "texture": "#1"},
				"south": {"uv": [4, 10, 7, 11], "texture": "#1"},
				"west": {"uv": [13, 7, 14, 8], "texture": "#1"},
				"up": {"uv": [13, 6, 10, 5], "texture": "#1"},
				"down": {"uv": [13, 6, 10, 7], "texture": "#1"}
			}
		},
		{
			"name": "octagon",
			"from": [6.5, 0, 7.37868],
			"to": [9.5, 1, 8.62132],
			"rotation": {"angle": -22.5, "axis": "y", "origin": [8, 0.5, 8]},
			"faces": {
				"north": {"uv": [10, 7, 13, 8], "texture": "#1"},
				"east": {"uv": [8, 13, 9, 14], "texture": "#1"},
				"south": {"uv": [9, 10, 12, 11], "texture": "#1"},
				"west": {"uv": [9, 13, 10, 14], "texture": "#1"},
				"up": {"uv": [3, 12, 0, 11], "texture": "#1"},
				"down": {"uv": [14, 0, 11, 1], "texture": "#1"}
			}
		},
		{
			"name": "octagon",
			"from": [7.37868, 0, 6.5],
			"to": [8.62132, 1, 9.5],
			"rotation": {"angle": 22.5, "axis": "y", "origin": [8, 0.5, 8]},
			"faces": {
				"north": {"uv": [13, 9, 14, 10], "texture": "#1"},
				"east": {"uv": [11, 1, 14, 2], "texture": "#1"},
				"south": {"uv": [13, 10, 14, 11], "texture": "#1"},
				"west": {"uv": [11, 2, 14, 3], "texture": "#1"},
				"up": {"uv": [4, 14, 3, 11], "texture": "#1"},
				"down": {"uv": [5, 11, 4, 14], "texture": "#1"}
			}
		},
		{
			"name": "octagon",
			"from": [7.37868, 0, 6.5],
			"to": [8.62132, 1, 9.5],
			"rotation": {"angle": -22.5, "axis": "y", "origin": [8, 0.5, 8]},
			"faces": {
				"north": {"uv": [13, 11, 14, 12], "texture": "#1"},
				"east": {"uv": [11, 3, 14, 4], "texture": "#1"},
				"south": {"uv": [12, 13, 13, 14], "texture": "#1"},
				"west": {"uv": [11, 4, 14, 5], "texture": "#1"},
				"up": {"uv": [6, 14, 5, 11], "texture": "#1"},
				"down": {"uv": [7, 11, 6, 14], "texture": "#1"}
			}
		},
		{
			"name": "octagon",
			"from": [6.5, 0, 7.37868],
			"to": [9.5, 1, 8.62132],
			"rotation": {"angle": 22.5, "axis": "y", "origin": [8, 0.5, 8]},
			"faces": {
				"north": {"uv": [11, 8, 14, 9], "texture": "#1"},
				"east": {"uv": [13, 12, 14, 13], "texture": "#1"},
				"south": {"uv": [9, 11, 12, 12], "texture": "#1"},
				"west": {"uv": [13, 13, 14, 14], "texture": "#1"},
				"up": {"uv": [3, 13, 0, 12], "texture": "#1"},
				"down": {"uv": [10, 12, 7, 13], "texture": "#1"}
			}
		},
		{
			"from": [7, 1, 7],
			"to": [9, 6, 9],
			"rotation": {"angle": 45, "axis": "y", "origin": [8, 3.5, 8]},
			"faces": {
				"north": {"uv": [0, 0, 2, 5], "texture": "#1"},
				"east": {"uv": [2, 0, 4, 5], "texture": "#1"},
				"south": {"uv": [4, 0, 6, 5], "texture": "#1"},
				"west": {"uv": [0, 5, 2, 10], "texture": "#1"},
				"up": {"uv": [4, 7, 2, 5], "texture": "#1"},
				"down": {"uv": [6, 5, 4, 7], "texture": "#1"}
			}
		},
		{
			"from": [7.5, 7, 7.5],
			"to": [8.5, 8, 8.5],
			"rotation": {"angle": 0, "axis": "y", "origin": [8, 3.5, 8]},
			"faces": {
				"north": {"uv": [0, 14, 1, 15], "texture": "#1"},
				"east": {"uv": [14, 0, 15, 1], "texture": "#1"},
				"south": {"uv": [1, 14, 2, 15], "texture": "#1"},
				"west": {"uv": [14, 1, 15, 2], "texture": "#1"},
				"up": {"uv": [3, 15, 2, 14], "texture": "#1"},
				"down": {"uv": [15, 2, 14, 3], "texture": "#1"}
			}
		},
		{
			"from": [6, 6, 7],
			"to": [7, 8, 9],
			"rotation": {"angle": -22.5, "axis": "z", "origin": [6.5, 7.5, 8]},
			"faces": {
				"north": {"uv": [12, 9, 13, 11], "texture": "#1"},
				"east": {"uv": [6, 0, 8, 2], "texture": "#1"},
				"south": {"uv": [10, 12, 11, 14], "texture": "#1"},
				"west": {"uv": [6, 2, 8, 4], "texture": "#1"},
				"up": {"uv": [12, 14, 11, 12], "texture": "#1"},
				"down": {"uv": [13, 11, 12, 13], "texture": "#1"}
			}
		},
		{
			"from": [6.5, 7, 8],
			"to": [8.5, 9, 8],
			"rotation": {"angle": 0, "axis": "y", "origin": [8, 3.5, 8]},
			"faces": {
				"north": {"uv": [6, 4, 8, 6], "texture": "#1"},
				"east": {"uv": [0, 0, 0, 2], "texture": "#1"},
				"south": {"uv": [6, 6, 8, 8], "texture": "#1"},
				"west": {"uv": [0, 0, 0, 2], "texture": "#1"},
				"up": {"uv": [2, 0, 0, 0], "texture": "#1"},
				"down": {"uv": [2, 0, 0, 0], "texture": "#1"}
			}
		},
		{
			"from": [6.5, 9, 7.5],
			"to": [8.5, 9, 8.5],
			"rotation": {"angle": 0, "axis": "y", "origin": [8, 3.5, 8]},
			"faces": {
				"north": {"uv": [0, 0, 2, 0], "texture": "#1"},
				"east": {"uv": [0, 0, 1, 0], "texture": "#1"},
				"south": {"uv": [0, 0, 2, 0], "texture": "#1"},
				"west": {"uv": [0, 0, 1, 0], "texture": "#1"},
				"up": {"uv": [6, 8, 4, 7], "texture": "#1"},
				"down": {"uv": [2, 10, 0, 11], "texture": "#1"}
			}
		},
		{
			"from": [6.5, 8, 7.5],
			"to": [6.5, 9, 8.5],
			"rotation": {"angle": -22.5, "axis": "z", "origin": [6.5, 9, 8]},
			"faces": {
				"north": {"uv": [0, 0, 0, 1], "texture": "#1"},
				"east": {"uv": [3, 14, 4, 15], "texture": "#1"},
				"south": {"uv": [0, 0, 0, 1], "texture": "#1"},
				"west": {"uv": [14, 3, 15, 4], "texture": "#1"},
				"up": {"uv": [0, 1, 0, 0], "texture": "#1"},
				"down": {"uv": [0, 0, 0, 1], "texture": "#1"}
			}
		},
		{
			"from": [6.82442, 6.78323, 7.5],
			"to": [6.82442, 7.78323, 8.5],
			"rotation": {"angle": -45, "axis": "z", "origin": [6.82442, 8.78323, 8]},
			"faces": {
				"north": {"uv": [0, 0, 0, 1], "texture": "#1"},
				"east": {"uv": [4, 14, 5, 15], "texture": "#1"},
				"south": {"uv": [0, 0, 0, 1], "texture": "#1"},
				"west": {"uv": [14, 4, 15, 5], "texture": "#1"},
				"up": {"uv": [0, 1, 0, 0], "texture": "#1"},
				"down": {"uv": [0, 0, 0, 1], "texture": "#1"}
			}
		},
		{
			"from": [5.41021, 3.36901, 7.5],
			"to": [5.41021, 7.36901, 8.5],
			"rotation": {"angle": 0, "axis": "y", "origin": [6.41021, 8.86901, 8]},
			"faces": {
				"north": {"uv": [0, 0, 0, 4], "texture": "#1"},
				"east": {"uv": [2, 7, 3, 11], "texture": "#1"},
				"south": {"uv": [0, 0, 0, 4], "texture": "#1"},
				"west": {"uv": [3, 7, 4, 11], "texture": "#1"},
				"up": {"uv": [0, 1, 0, 0], "texture": "#1"},
				"down": {"uv": [0, 0, 0, 1], "texture": "#1"}
			}
		},
		{
			"from": [5.41021, 3.36901, 7.5],
			"to": [6.41021, 3.36901, 8.5],
			"rotation": {"angle": 0, "axis": "y", "origin": [6.41021, 8.86901, 8]},
			"faces": {
				"north": {"uv": [0, 0, 1, 0], "texture": "#1"},
				"east": {"uv": [0, 0, 1, 0], "texture": "#1"},
				"south": {"uv": [0, 0, 1, 0], "texture": "#1"},
				"west": {"uv": [0, 0, 1, 0], "texture": "#1"},
				"up": {"uv": [6, 15, 5, 14], "texture": "#1"},
				"down": {"uv": [15, 5, 14, 6], "texture": "#1"}
			}
		},
		{
			"name": "cube inverted",
			"from": [7, 8, 9],
			"to": [6, 6, 7],
			"rotation": {"angle": -22.5, "axis": "z", "origin": [6.5, 7.5, 8]},
			"faces": {
				"north": {"uv": [10, 14, 11, 12], "texture": "#1"},
				"east": {"uv": [6, 4, 8, 2], "texture": "#1"},
				"south": {"uv": [12, 11, 13, 9], "texture": "#1"},
				"west": {"uv": [6, 2, 8, 0], "texture": "#1"},
				"up": {"uv": [12, 11, 13, 13], "texture": "#1"},
				"down": {"uv": [11, 14, 12, 12], "texture": "#1"}
			}
		}
	],
	"display": {
		"thirdperson_righthand": {
			"translation": [0, 2.75, 0]
		},
		"thirdperson_lefthand": {
			"translation": [0, 2.75, 0]
		},
		"firstperson_righthand": {
			"rotation": [0, 101, 0],
			"translation": [0, 6, 0]
		},
		"firstperson_lefthand": {
			"rotation": [0, 101, 0],
			"translation": [0, 6, 0]
		},
		"ground": {
			"translation": [0, 5, 0]
		},
		"gui": {
			"rotation": [24, 40, -25],
			"translation": [2, 4.25, 0],
			"scale": [1.33, 1.33, 1.33]
		}
	},
	"groups": [
		{
			"name": "flash bang",
			"origin": [8, 8, 8],
			"color": 0,
			"children": [
				{
					"name": "octagon",
					"origin": [8, 8, 8],
					"color": 0,
					"children": [0, 1, 2, 3]
				},
				{
					"name": "octagon",
					"origin": [8, 8, 8],
					"color": 0,
					"children": [4, 5, 6, 7]
				},
				8,
				9,
				10,
				11,
				12,
				13,
				14,
				15,
				16,
				17
			]
		}
	]
}