{
	"credit": "Made with Blockbench",
	"textures": {
		"2": "custom/glock_18",
		"particle": "custom/glock_18"
	},
	"elements": [
		{
			"from": [7.505, 4.5, 8],
			"to": [8.495, 8.5, 10],
			"rotation": {"angle": -22.5, "axis": "x", "origin": [8, 8.5, 8]},
			"faces": {
				"north": {"uv": [4, 5, 5, 9], "texture": "#2"},
				"east": {"uv": [0, 0, 2, 4], "texture": "#2"},
				"south": {"uv": [5, 5, 6, 9], "texture": "#2"},
				"west": {"uv": [2, 0, 4, 4], "texture": "#2"},
				"up": {"uv": [7, 7, 6, 5], "texture": "#2"},
				"down": {"uv": [8, 5, 7, 7], "texture": "#2"}
			}
		},
		{
			"from": [7.50995, 6.5, 10],
			"to": [8.49005, 8.5, 11],
			"rotation": {"angle": 22.5, "axis": "x", "origin": [7.50995, 8.5, 11]},
			"faces": {
				"north": {"uv": [6, 7, 7, 9], "texture": "#2"},
				"east": {"uv": [7, 7, 8, 9], "texture": "#2"},
				"south": {"uv": [8, 3, 9, 5], "texture": "#2"},
				"west": {"uv": [8, 5, 9, 7], "texture": "#2"},
				"up": {"uv": [5, 10, 4, 9], "texture": "#2"},
				"down": {"uv": [6, 9, 5, 10], "texture": "#2"}
			}
		},
		{
			"from": [7.5, 8.5, 3.5],
			"to": [8.5, 9.5, 11.5],
			"rotation": {"angle": 0, "axis": "y", "origin": [8, 8.5, 8]},
			"faces": {
				"north": {"uv": [9, 5, 10, 6], "texture": "#2"},
				"east": {"uv": [0, 4, 8, 5], "texture": "#2"},
				"south": {"uv": [6, 9, 7, 10], "texture": "#2"},
				"west": {"uv": [4, 0, 12, 1], "texture": "#2"},
				"up": {"uv": [1, 13, 0, 5], "texture": "#2"},
				"down": {"uv": [2, 5, 1, 13], "texture": "#2"}
			}
		},
		{
			"from": [8, 7.5, 7.5],
			"to": [8, 8.5, 8.5],
			"rotation": {"angle": 0, "axis": "y", "origin": [8, 7.5, 8.5]},
			"faces": {
				"north": {"uv": [0, 0, 0, 1], "texture": "#2"},
				"east": {"uv": [9, 6, 10, 7], "texture": "#2"},
				"south": {"uv": [0, 0, 0, 1], "texture": "#2"},
				"west": {"uv": [7, 9, 8, 10], "texture": "#2"},
				"up": {"uv": [0, 1, 0, 0], "texture": "#2"},
				"down": {"uv": [0, 0, 0, 1], "texture": "#2"}
			}
		},
		{
			"from": [7.50995, 7.5, 6.5],
			"to": [8.49005, 8.5, 8.5],
			"rotation": {"angle": 0, "axis": "y", "origin": [8, 7.5, 7.5]},
			"faces": {
				"north": {"uv": [9, 7, 10, 8], "texture": "#2"},
				"east": {"uv": [4, 3, 6, 4], "texture": "#2"},
				"south": {"uv": [8, 9, 9, 10], "texture": "#2"},
				"west": {"uv": [6, 3, 8, 4], "texture": "#2"},
				"up": {"uv": [9, 9, 8, 7], "texture": "#2"},
				"down": {"uv": [10, 3, 9, 5], "texture": "#2"}
			}
		},
		{
			"from": [7.5, 9.5, 3.5],
			"to": [8.5, 10.5, 11.5],
			"rotation": {"angle": 0, "axis": "y", "origin": [8, 8.5, 8]},
			"faces": {
				"north": {"uv": [9, 8, 10, 9], "texture": "#2"},
				"east": {"uv": [4, 1, 12, 2], "texture": "#2"},
				"south": {"uv": [9, 9, 10, 10], "texture": "#2"},
				"west": {"uv": [4, 2, 12, 3], "texture": "#2"},
				"up": {"uv": [3, 13, 2, 5], "texture": "#2"},
				"down": {"uv": [4, 5, 3, 13], "texture": "#2"}
			}
		},
		{
			"name": "cube inverted",
			"from": [8.49005, 8.5, 8.5],
			"to": [7.50995, 7.5, 6.5],
			"rotation": {"angle": 0, "axis": "y", "origin": [8, 7.5, 7.5]},
			"faces": {
				"north": {"uv": [8, 10, 9, 9], "texture": "#2"},
				"east": {"uv": [6, 4, 8, 3], "texture": "#2"},
				"south": {"uv": [9, 8, 10, 7], "texture": "#2"},
				"west": {"uv": [4, 4, 6, 3], "texture": "#2"},
				"up": {"uv": [9, 3, 10, 5], "texture": "#2"},
				"down": {"uv": [8, 9, 9, 7], "texture": "#2"}
			}
		}
	],
	"display": {
		"gui": {
			"rotation": [-30, 147, 0]
		}
	},
	"groups": [
		{
			"name": "glock",
			"origin": [8, 8, 8],
			"color": 0,
			"children": [0, 1, 2, 3, 4, 5, 6]
		}
	]
}