{
	"credit": "Made with Blockbench",
	"textures": {
		"0": "custom/grenade_0_intact",
		"particle": "custom/grenade_0_intact"
	},
	"elements": [
		{
			"from": [6, 0, 5.5],
			"to": [10, 4, 9.5],
			"rotation": {"angle": 45, "axis": "y", "origin": [8, 2, 7.5]},
			"faces": {
				"north": {"uv": [0, 0, 4, 4], "texture": "#0"},
				"east": {"uv": [0, 4, 4, 8], "texture": "#0"},
				"south": {"uv": [4, 0, 8, 4], "texture": "#0"},
				"west": {"uv": [4, 4, 8, 8], "texture": "#0"},
				"up": {"uv": [4, 12, 0, 8], "texture": "#0"},
				"down": {"uv": [12, 0, 8, 4], "texture": "#0"}
			}
		},
		{
			"from": [7, 4, 6.5],
			"to": [9, 5, 8.5],
			"faces": {
				"north": {"uv": [10, 4, 12, 5], "texture": "#0"},
				"east": {"uv": [10, 5, 12, 6], "texture": "#0"},
				"south": {"uv": [6, 10, 8, 11], "texture": "#0"},
				"west": {"uv": [10, 6, 12, 7], "texture": "#0"},
				"up": {"uv": [6, 10, 4, 8], "texture": "#0"},
				"down": {"uv": [10, 4, 8, 6], "texture": "#0"}
			}
		},
		{
			"from": [6, 4, 7],
			"to": [8, 6, 8],
			"faces": {
				"north": {"uv": [6, 8, 8, 10], "texture": "#0"},
				"east": {"uv": [10, 7, 11, 9], "texture": "#0"},
				"south": {"uv": [8, 6, 10, 8], "texture": "#0"},
				"west": {"uv": [8, 10, 9, 12], "texture": "#0"},
				"up": {"uv": [11, 11, 9, 10], "texture": "#0"},
				"down": {"uv": [12, 9, 10, 10], "texture": "#0"}
			}
		},
		{
			"from": [8, 6, 7],
			"to": [10, 6, 8],
			"faces": {
				"north": {"uv": [0, 0, 2, 0], "texture": "#0"},
				"east": {"uv": [0, 0, 1, 0], "texture": "#0"},
				"south": {"uv": [0, 0, 2, 0], "texture": "#0"},
				"west": {"uv": [0, 0, 1, 0], "texture": "#0"},
				"up": {"uv": [8, 12, 6, 11], "texture": "#0"},
				"down": {"uv": [13, 7, 11, 8], "texture": "#0"}
			}
		},
		{
			"from": [5.1, 4.5, 5],
			"to": [7.1, 5.5, 7],
			"rotation": {"angle": -22.5, "axis": "x", "origin": [7.1, 5.5, 7]},
			"faces": {
				"north": {"uv": [11, 8, 13, 9], "texture": "#0"},
				"east": {"uv": [9, 11, 11, 12], "texture": "#0"},
				"south": {"uv": [11, 10, 13, 11], "texture": "#0"},
				"west": {"uv": [11, 11, 13, 12], "texture": "#0"},
				"up": {"uv": [10, 10, 8, 8], "texture": "#0"},
				"down": {"uv": [6, 10, 4, 12], "texture": "#0"}
			}
		},
		{
			"name": "cube inverted",
			"from": [7.1, 5.5, 7],
			"to": [5.1, 4.5, 5],
			"rotation": {"angle": -22.5, "axis": "x", "origin": [7.1, 5.5, 7]},
			"faces": {
				"north": {"uv": [11, 11, 13, 10], "texture": "#0"},
				"east": {"uv": [11, 12, 13, 11], "texture": "#0"},
				"south": {"uv": [11, 9, 13, 8], "texture": "#0"},
				"west": {"uv": [9, 12, 11, 11], "texture": "#0"},
				"up": {"uv": [4, 10, 6, 12], "texture": "#0"},
				"down": {"uv": [8, 10, 10, 8], "texture": "#0"}
			}
		}
	],
	"display": {
		"thirdperson_righthand": {
			"translation": [0, 4.5, 1.25],
			"scale": [0.65, 0.65, 0.65]
		},
		"thirdperson_lefthand": {
			"translation": [0, 4.5, 1.25],
			"scale": [0.65, 0.65, 0.65]
		},
		"firstperson_righthand": {
			"translation": [2.5, 6.25, 0]
		},
		"firstperson_lefthand": {
			"translation": [2.5, 6.25, 0]
		},
		"ground": {
			"translation": [0, 2.75, 0],
			"scale": [0.73, 0.73, 0.73]
		},
		"gui": {
			"rotation": [30, 164, 0],
			"translation": [0.5, 8, 0],
			"scale": [1.69, 1.69, 1.69]
		}
	},
	"groups": [
		{
			"name": "grenade",
			"origin": [7, 5.5, 7],
			"color": 0,
			"children": [0, 1, 2, 3, 4, 5]
		}
	]
}