{
	"credit": "Made with Blockbench",
	"texture_size": [32, 32],
	"textures": {
		"1": "custom/m4",
		"particle": "custom/m4"
	},
	"elements": [
		{
			"from": [8, 10, -7],
			"to": [8, 13.5, -6],
			"rotation": {"angle": 0, "axis": "y", "origin": [8, 10, -6.5]},
			"faces": {
				"north": {"uv": [0, 0, 0, 2], "texture": "#1"},
				"east": {"uv": [11, 7.5, 11.5, 9.5], "texture": "#1"},
				"south": {"uv": [0, 0, 0, 2], "texture": "#1"},
				"west": {"uv": [11.5, 5.5, 12, 7.5], "texture": "#1"},
				"up": {"uv": [0, 0.5, 0, 0], "texture": "#1"},
				"down": {"uv": [0, 0, 0, 0.5], "texture": "#1"}
			}
		},
		{
			"from": [8, 10, -7],
			"to": [8, 13.5, -6],
			"rotation": {"angle": -45, "axis": "x", "origin": [8, 13.5, -6]},
			"faces": {
				"north": {"uv": [0, 0, 0, 2], "texture": "#1"},
				"east": {"uv": [11.5, 7.5, 12, 9.5], "texture": "#1"},
				"south": {"uv": [0, 0, 0, 2], "texture": "#1"},
				"west": {"uv": [9.5, 11.5, 10, 13.5], "texture": "#1"},
				"up": {"uv": [0, 0.5, 0, 0], "texture": "#1"},
				"down": {"uv": [0, 0, 0, 0.5], "texture": "#1"}
			}
		},
		{
			"from": [7.5, 10, 15],
			"to": [8.5, 11, 28],
			"rotation": {"angle": 45, "axis": "z", "origin": [8, 10.5, 18.75]},
			"faces": {
				"north": {"uv": [13, 8.5, 13.5, 9], "texture": "#1"},
				"east": {"uv": [7.5, 1.5, 14, 2], "texture": "#1"},
				"south": {"uv": [10.5, 13, 11, 13.5], "texture": "#1"},
				"west": {"uv": [7.5, 2, 14, 2.5], "texture": "#1"},
				"up": {"uv": [6, 14, 5.5, 7.5], "texture": "#1"},
				"down": {"uv": [6.5, 7.5, 6, 14], "texture": "#1"}
			}
		},
		{
			"from": [7, 5, 27],
			"to": [9, 11, 28],
			"rotation": {"angle": 0, "axis": "y", "origin": [8, 10.5, 24.75]},
			"faces": {
				"north": {"uv": [6.5, 7.5, 7.5, 10.5], "texture": "#1"},
				"east": {"uv": [10.5, 7.5, 11, 10.5], "texture": "#1"},
				"south": {"uv": [7.5, 7.5, 8.5, 10.5], "texture": "#1"},
				"west": {"uv": [8, 10.5, 8.5, 13.5], "texture": "#1"},
				"up": {"uv": [13.5, 0.5, 12.5, 0], "texture": "#1"},
				"down": {"uv": [13.5, 0.5, 12.5, 1], "texture": "#1"}
			}
		},
		{
			"from": [8, 5, 14],
			"to": [8, 6, 27],
			"rotation": {"angle": 22.5, "axis": "x", "origin": [8, 5, 27]},
			"faces": {
				"north": {"uv": [0, 0, 0, 0.5], "texture": "#1"},
				"east": {"uv": [7.5, 2.5, 14, 3], "texture": "#1"},
				"south": {"uv": [0, 0, 0, 0.5], "texture": "#1"},
				"west": {"uv": [7.5, 3, 14, 3.5], "texture": "#1"},
				"up": {"uv": [0, 6.5, 0, 0], "texture": "#1"},
				"down": {"uv": [0, 0, 0, 6.5], "texture": "#1"}
			}
		},
		{
			"from": [7.5, 3, 1.5],
			"to": [8.5, 7, 2.5],
			"rotation": {"angle": 45, "axis": "y", "origin": [8, 4.5, 2]},
			"faces": {
				"north": {"uv": [11.5, 9.5, 12, 11.5], "texture": "#1"},
				"east": {"uv": [10, 11.5, 10.5, 13.5], "texture": "#1"},
				"south": {"uv": [11.5, 11.5, 12, 13.5], "texture": "#1"},
				"west": {"uv": [1.5, 12, 2, 14], "texture": "#1"},
				"up": {"uv": [11.5, 13.5, 11, 13], "texture": "#1"},
				"down": {"uv": [13, 13, 12.5, 13.5], "texture": "#1"}
			}
		},
		{
			"from": [7, 7, 1],
			"to": [9, 8, 3],
			"rotation": {"angle": 0, "axis": "y", "origin": [8, 4.5, 2]},
			"faces": {
				"north": {"uv": [4.5, 12.5, 5.5, 13], "texture": "#1"},
				"east": {"uv": [6.5, 12.5, 7.5, 13], "texture": "#1"},
				"south": {"uv": [12.5, 10.5, 13.5, 11], "texture": "#1"},
				"west": {"uv": [12.5, 11, 13.5, 11.5], "texture": "#1"},
				"up": {"uv": [11.5, 6.5, 10.5, 5.5], "texture": "#1"},
				"down": {"uv": [12, 4, 11, 5], "texture": "#1"}
			}
		},
		{
			"from": [7, 8.5, -16],
			"to": [9, 10.5, -12],
			"rotation": {"angle": 45, "axis": "z", "origin": [8, 9.5, -7.5]},
			"faces": {
				"north": {"uv": [11.5, 0, 12.5, 1], "texture": "#1"},
				"east": {"uv": [9, 4, 11, 5], "texture": "#1"},
				"south": {"uv": [2, 12, 3, 13], "texture": "#1"},
				"west": {"uv": [9.5, 6.5, 11.5, 7.5], "texture": "#1"},
				"up": {"uv": [10.5, 9.5, 9.5, 7.5], "texture": "#1"},
				"down": {"uv": [10.5, 9.5, 9.5, 11.5], "texture": "#1"}
			}
		},
		{
			"from": [7, 8.5, 14],
			"to": [9, 11.5, 15],
			"rotation": {"angle": 0, "axis": "y", "origin": [8, 9.5, 8]},
			"faces": {
				"north": {"uv": [10.5, 0, 11.5, 1.5], "texture": "#1"},
				"east": {"uv": [3, 12, 3.5, 13.5], "texture": "#1"},
				"south": {"uv": [10.5, 10.5, 11.5, 12], "texture": "#1"},
				"west": {"uv": [12, 10.5, 12.5, 12], "texture": "#1"},
				"up": {"uv": [13.5, 12, 12.5, 11.5], "texture": "#1"},
				"down": {"uv": [13.5, 12, 12.5, 12.5], "texture": "#1"}
			}
		},
		{
			"from": [6.5, 8, -5],
			"to": [9.5, 11, 5],
			"rotation": {"angle": 45, "axis": "z", "origin": [8, 9.5, 0]},
			"faces": {
				"north": {"uv": [7.5, 3.5, 9, 5], "texture": "#1"},
				"east": {"uv": [0, 4, 5, 5.5], "texture": "#1"},
				"south": {"uv": [9, 0, 10.5, 1.5], "texture": "#1"},
				"west": {"uv": [4, 0, 9, 1.5], "texture": "#1"},
				"up": {"uv": [6.5, 6.5, 5, 1.5], "texture": "#1"},
				"down": {"uv": [1.5, 5.5, 0, 10.5], "texture": "#1"}
			}
		},
		{
			"from": [7, 8.5, 5],
			"to": [9, 10.5, 6],
			"rotation": {"angle": 0, "axis": "y", "origin": [8, 9.5, 0]},
			"faces": {
				"north": {"uv": [12, 4, 13, 5], "texture": "#1"},
				"east": {"uv": [4.5, 5.5, 5, 6.5], "texture": "#1"},
				"south": {"uv": [12, 5, 13, 6], "texture": "#1"},
				"west": {"uv": [11, 9.5, 11.5, 10.5], "texture": "#1"},
				"up": {"uv": [13.5, 13, 12.5, 12.5], "texture": "#1"},
				"down": {"uv": [3, 13, 2, 13.5], "texture": "#1"}
			}
		},
		{
			"from": [7, 7.5, 6],
			"to": [9, 11.5, 14],
			"rotation": {"angle": 0, "axis": "y", "origin": [8, 9.5, 0]},
			"faces": {
				"north": {"uv": [8.5, 10, 9.5, 12], "texture": "#1"},
				"east": {"uv": [0, 0, 4, 2], "texture": "#1"},
				"south": {"uv": [0, 10.5, 1, 12.5], "texture": "#1"},
				"west": {"uv": [0, 2, 4, 4], "texture": "#1"},
				"up": {"uv": [7.5, 5.5, 6.5, 1.5], "texture": "#1"},
				"down": {"uv": [5.5, 6.5, 4.5, 10.5], "texture": "#1"}
			}
		},
		{
			"from": [8, 11.5, 6.5],
			"to": [8, 13.5, 14.5],
			"rotation": {"angle": 0, "axis": "y", "origin": [8, 12.5, 10.5]},
			"faces": {
				"north": {"uv": [0, 0, 0, 1], "texture": "#1"},
				"east": {"uv": [5.5, 6.5, 9.5, 7.5], "texture": "#1"},
				"south": {"uv": [0, 0, 0, 1], "texture": "#1"},
				"west": {"uv": [6.5, 5.5, 10.5, 6.5], "texture": "#1"},
				"up": {"uv": [0, 4, 0, 0], "texture": "#1"},
				"down": {"uv": [0, 0, 0, 4], "texture": "#1"}
			}
		},
		{
			"from": [7.5, 6.5, 11.75],
			"to": [8.5, 8.5, 11.75],
			"rotation": {"angle": 22.5, "axis": "x", "origin": [8, 7.5, 11.75]},
			"faces": {
				"north": {"uv": [0.5, 12.5, 1, 13.5], "texture": "#1"},
				"east": {"uv": [0, 0, 0, 1], "texture": "#1"},
				"south": {"uv": [13, 4, 13.5, 5], "texture": "#1"},
				"west": {"uv": [0, 0, 0, 1], "texture": "#1"},
				"up": {"uv": [0.5, 0, 0, 0], "texture": "#1"},
				"down": {"uv": [0.5, 0, 0, 0], "texture": "#1"}
			}
		},
		{
			"from": [7.0015, 2.5, 12],
			"to": [8.9985, 7.5, 14],
			"rotation": {"angle": -45, "axis": "x", "origin": [8, 7.5, 12]},
			"faces": {
				"north": {"uv": [4, 1.5, 5, 4], "texture": "#1"},
				"east": {"uv": [8.5, 7.5, 9.5, 10], "texture": "#1"},
				"south": {"uv": [1.5, 9.5, 2.5, 12], "texture": "#1"},
				"west": {"uv": [2.5, 9.5, 3.5, 12], "texture": "#1"},
				"up": {"uv": [13, 7, 12, 6], "texture": "#1"},
				"down": {"uv": [13, 7, 12, 8], "texture": "#1"}
			}
		},
		{
			"from": [7.5015, 6.5, 11],
			"to": [8.4985, 8.5, 12.5],
			"rotation": {"angle": -22.5, "axis": "x", "origin": [8, 7.5, 12]},
			"faces": {
				"north": {"uv": [4.5, 13, 5, 14], "texture": "#1"},
				"east": {"uv": [12, 8, 13, 9], "texture": "#1"},
				"south": {"uv": [5, 13, 5.5, 14], "texture": "#1"},
				"west": {"uv": [8.5, 12, 9.5, 13], "texture": "#1"},
				"up": {"uv": [13.5, 6, 13, 5], "texture": "#1"},
				"down": {"uv": [13.5, 6, 13, 7], "texture": "#1"}
			}
		},
		{
			"from": [7, 6.5, 6],
			"to": [9, 7.5, 10],
			"rotation": {"angle": 0, "axis": "y", "origin": [8, 9.5, 0]},
			"faces": {
				"north": {"uv": [6.5, 13, 7.5, 13.5], "texture": "#1"},
				"east": {"uv": [11.5, 1, 13.5, 1.5], "texture": "#1"},
				"south": {"uv": [13, 7, 14, 7.5], "texture": "#1"},
				"west": {"uv": [12, 9, 14, 9.5], "texture": "#1"},
				"up": {"uv": [5.5, 12.5, 4.5, 10.5], "texture": "#1"},
				"down": {"uv": [7.5, 10.5, 6.5, 12.5], "texture": "#1"}
			}
		},
		{
			"from": [7.5, -0.5, 6.5],
			"to": [8.5, 7.5, 9.5],
			"rotation": {"angle": 22.5, "axis": "x", "origin": [8, 6.5, 8.5]},
			"faces": {
				"north": {"uv": [1, 10.5, 1.5, 14.5], "texture": "#1"},
				"east": {"uv": [1.5, 5.5, 3, 9.5], "texture": "#1"},
				"south": {"uv": [7.5, 10.5, 8, 14.5], "texture": "#1"},
				"west": {"uv": [3, 5.5, 4.5, 9.5], "texture": "#1"},
				"up": {"uv": [12.5, 13.5, 12, 12], "texture": "#1"},
				"down": {"uv": [0.5, 12.5, 0, 14], "texture": "#1"}
			}
		},
		{
			"from": [7.5, 9, -14],
			"to": [8.5, 10, -5],
			"rotation": {"angle": 45, "axis": "z", "origin": [8, 9.5, -7.5]},
			"faces": {
				"north": {"uv": [13, 13, 13.5, 13.5], "texture": "#1"},
				"east": {"uv": [7.5, 5, 12, 5.5], "texture": "#1"},
				"south": {"uv": [13.5, 0, 14, 0.5], "texture": "#1"},
				"west": {"uv": [9, 3.5, 13.5, 4], "texture": "#1"},
				"up": {"uv": [4, 14, 3.5, 9.5], "texture": "#1"},
				"down": {"uv": [4.5, 9.5, 4, 14], "texture": "#1"}
			}
		},
		{
			"name": "cube inverted",
			"from": [8.4985, 8.5, 12.5],
			"to": [7.5015, 6.5, 11],
			"rotation": {"angle": -22.5, "axis": "x", "origin": [8, 7.5, 12]},
			"faces": {
				"north": {"uv": [13, 7.5, 13.5, 8.5], "texture": "#1"},
				"east": {"uv": [12, 9.5, 13, 10.5], "texture": "#1"},
				"south": {"uv": [8.5, 13, 9, 14], "texture": "#1"},
				"west": {"uv": [10.5, 12, 11.5, 13], "texture": "#1"},
				"up": {"uv": [9.5, 14, 9, 13], "texture": "#1"},
				"down": {"uv": [13.5, 9.5, 13, 10.5], "texture": "#1"}
			}
		}
	],
	"gui_light": "front",
	"display": {
		"thirdperson_righthand": {
			"translation": [0, 0.75, 0.75],
			"scale": [0.44, 0.44, 0.44]
		},
		"thirdperson_lefthand": {
			"translation": [0, 0.75, -0.75],
			"scale": [0.44, 0.44, 0.44]
		},
		"firstperson_righthand": {
			"translation": [2, -3, -4]
		},
		"firstperson_lefthand": {
			"translation": [2, -3, -4]
		},
		"ground": {
			"translation": [0, 4.5, 0]
		},
		"gui": {
			"rotation": [90, -45, 90],
			"translation": [0, -0.5, 0],
			"scale": [0.4, 0.4, 0.4]
		},
		"head": {
			"translation": [0, -3.25, -1.5],
			"scale": [1.6, 1.6, 1.6]
		},
		"fixed": {
			"rotation": [90, 45, -90],
			"scale": [2, 2, 2]
		}
	},
	"groups": [
		{
			"name": "main",
			"origin": [8, 1.5, -4.5],
			"color": 0,
			"children": [
				{
					"name": "aim",
					"origin": [8, 1.5, -4.5],
					"color": 0,
					"children": [0, 1]
				},
				{
					"name": "stock",
					"origin": [8, 8, 8],
					"color": 0,
					"children": [2, 3, 4]
				},
				{
					"name": "grip",
					"origin": [8, 1.5, -4.5],
					"color": 0,
					"children": [5, 6]
				},
				{
					"name": "muzzle_1",
					"origin": [8, 9.5, -7.5],
					"color": 0,
					"children": [7]
				},
				8,
				9,
				10,
				11,
				12,
				13,
				14,
				15,
				16,
				17,
				18,
				19
			]
		}
	]
}