{
	"credit": "Made with Blockbench",
	"texture_size": [64, 64],
	"textures": {
		"1": "custom/nova"
	},
	"elements": [
		{
			"from": [7, 8.5, 6.5],
			"to": [9, 11.5, 15.5],
			"rotation": {"angle": 0, "axis": "y", "origin": [8, 8.90659, 7.79432]},
			"faces": {
				"north": {"uv": [5, 1.25, 5.5, 2], "texture": "#1"},
				"east": {"uv": [1.75, 0.75, 4, 1.5], "texture": "#1"},
				"south": {"uv": [5, 0.5, 5.5, 1.25], "texture": "#1"},
				"west": {"uv": [1.75, 0, 4, 0.75], "texture": "#1"},
				"up": {"uv": [1.5, 3.5, 2, 5.75], "texture": "#1"},
				"down": {"uv": [2, 5.75, 2.5, 3.5], "texture": "#1"}
			}
		},
		{
			"from": [7.5, 11.25, 13],
			"to": [7.5, 12.25, 15],
			"rotation": {"angle": 0, "axis": "y", "origin": [8, 8.90659, 7.79432]},
			"faces": {
				"north": {"uv": [0, 0, 0, 0.25], "texture": "#1"},
				"east": {"uv": [6.25, 1.25, 6.75, 1.5], "texture": "#1"},
				"south": {"uv": [0, 0, 0, 0.25], "texture": "#1"},
				"west": {"uv": [6.25, 1, 6.75, 1.25], "texture": "#1"},
				"up": {"uv": [0, 0, 0, 0.5], "texture": "#1"},
				"down": {"uv": [0, 0.5, 0, 0], "texture": "#1"}
			}
		},
		{
			"from": [8.5, 11.25, 13],
			"to": [8.5, 12.25, 15],
			"rotation": {"angle": 0, "axis": "y", "origin": [8, 8.90659, 7.79432]},
			"faces": {
				"north": {"uv": [0, 0, 0, 0.25], "texture": "#1"},
				"east": {"uv": [2, 6.25, 2.5, 6.5], "texture": "#1"},
				"south": {"uv": [0, 0, 0, 0.25], "texture": "#1"},
				"west": {"uv": [1.5, 6.25, 2, 6.5], "texture": "#1"},
				"up": {"uv": [0, 0, 0, 0.5], "texture": "#1"},
				"down": {"uv": [0, 0.5, 0, 0], "texture": "#1"}
			}
		},
		{
			"from": [7, 8.5, 15.5],
			"to": [9, 9.5, 17.5],
			"rotation": {"angle": 0, "axis": "y", "origin": [8, 8.90659, 7.79432]},
			"faces": {
				"north": {"uv": [6.25, 0.5, 6.75, 0.75], "texture": "#1"},
				"east": {"uv": [6.25, 0.75, 6.75, 1], "texture": "#1"},
				"south": {"uv": [6.25, 0.25, 6.75, 0.5], "texture": "#1"},
				"west": {"uv": [0.5, 6.25, 1, 6.5], "texture": "#1"},
				"up": {"uv": [1.5, 5.75, 2, 6.25], "texture": "#1"},
				"down": {"uv": [2, 6.25, 2.5, 5.75], "texture": "#1"}
			}
		},
		{
			"from": [7, 5.91826, 24.58864],
			"to": [9, 9.91826, 31.58864],
			"rotation": {"angle": 0, "axis": "y", "origin": [8, 8.90659, 7.79432]},
			"faces": {
				"north": {"uv": [4.5, 0.5, 5, 1.5], "texture": "#1"},
				"east": {"uv": [0, 1, 1.75, 2], "texture": "#1"},
				"south": {"uv": [4, 0.5, 4.5, 1.5], "texture": "#1"},
				"west": {"uv": [0, 0, 1.75, 1], "texture": "#1"},
				"up": {"uv": [4.5, 4, 5, 5.75], "texture": "#1"},
				"down": {"uv": [5, 5.25, 5.5, 3.5], "texture": "#1"}
			}
		},
		{
			"from": [7, 7.91826, 21.58864],
			"to": [9, 9.91826, 24.58864],
			"rotation": {"angle": 0, "axis": "y", "origin": [8, 8.90659, 7.79432]},
			"faces": {
				"north": {"uv": [6, 4.25, 6.5, 4.75], "texture": "#1"},
				"east": {"uv": [5.5, 1, 6.25, 1.5], "texture": "#1"},
				"south": {"uv": [4, 6, 4.5, 6.5], "texture": "#1"},
				"west": {"uv": [5.5, 0.5, 6.25, 1], "texture": "#1"},
				"up": {"uv": [5.5, 2.25, 6, 3], "texture": "#1"},
				"down": {"uv": [5.5, 4.25, 6, 3.5], "texture": "#1"}
			}
		},
		{
			"from": [7.01, 12.25143, 22.92098],
			"to": [8.99, 15.25143, 30.92098],
			"rotation": {"angle": 22.5, "axis": "x", "origin": [8, 8.90659, 7.79432]},
			"faces": {
				"north": {"uv": [5, 5.25, 5.5, 6], "texture": "#1"},
				"east": {"uv": [3, 2.5, 5, 3.25], "texture": "#1"},
				"south": {"uv": [5, 2.25, 5.5, 3], "texture": "#1"},
				"west": {"uv": [1, 2.5, 3, 3.25], "texture": "#1"},
				"up": {"uv": [3.5, 4, 4, 6], "texture": "#1"},
				"down": {"uv": [4, 6, 4.5, 4], "texture": "#1"}
			}
		},
		{
			"from": [7, 6, 19.5],
			"to": [9, 8, 21.5],
			"rotation": {"angle": 0, "axis": "y", "origin": [8, 8.90659, 7.79432]},
			"faces": {
				"north": {"uv": [6, 2.75, 6.5, 3.25], "texture": "#1"},
				"east": {"uv": [6, 3.25, 6.5, 3.75], "texture": "#1"},
				"south": {"uv": [6, 1.5, 6.5, 2], "texture": "#1"},
				"west": {"uv": [6, 2.25, 6.5, 2.75], "texture": "#1"},
				"up": {"uv": [3.5, 6, 4, 6.5], "texture": "#1"},
				"down": {"uv": [6, 4.25, 6.5, 3.75], "texture": "#1"}
			}
		},
		{
			"from": [7.01, 12.25143, 13.92098],
			"to": [8.99, 14.25143, 22.92098],
			"rotation": {"angle": 22.5, "axis": "x", "origin": [8, 8.90659, 7.79432]},
			"faces": {
				"north": {"uv": [5.5, 5.75, 6, 6.25], "texture": "#1"},
				"east": {"uv": [4, 0, 6.25, 0.5], "texture": "#1"},
				"south": {"uv": [4.5, 5.75, 5, 6.25], "texture": "#1"},
				"west": {"uv": [2.5, 3.5, 4.75, 4], "texture": "#1"},
				"up": {"uv": [2.5, 4, 3, 6.25], "texture": "#1"},
				"down": {"uv": [3, 6.25, 3.5, 4], "texture": "#1"}
			}
		},
		{
			"from": [7, 9.5, 5.5],
			"to": [9, 11.5, 6.5],
			"rotation": {"angle": 0, "axis": "y", "origin": [8, 8.90659, 7.79432]},
			"faces": {
				"north": {"uv": [0.5, 5.75, 1, 6.25], "texture": "#1"},
				"east": {"uv": [6, 6, 6.25, 6.5], "texture": "#1"},
				"south": {"uv": [0, 5.75, 0.5, 6.25], "texture": "#1"},
				"west": {"uv": [6, 5.5, 6.25, 6], "texture": "#1"},
				"up": {"uv": [0, 6.25, 0.5, 6.5], "texture": "#1"},
				"down": {"uv": [6.25, 0.25, 6.75, 0], "texture": "#1"}
			}
		},
		{
			"from": [7.41961, 8.32619, -6.5],
			"to": [9.41961, 10.32619, 6.5],
			"rotation": {"angle": 45, "axis": "z", "origin": [8, 8.90659, 7.79432]},
			"faces": {
				"north": {"uv": [5.5, 4.25, 6, 4.75], "texture": "#1"},
				"east": {"uv": [0, 2, 3.25, 2.5], "texture": "#1"},
				"south": {"uv": [5.5, 1.5, 6, 2], "texture": "#1"},
				"west": {"uv": [1.75, 1.5, 5, 2], "texture": "#1"},
				"up": {"uv": [0, 2.5, 0.5, 5.75], "texture": "#1"},
				"down": {"uv": [0.5, 5.75, 1, 2.5], "texture": "#1"}
			}
		},
		{
			"from": [7.25717, 8.64942, -8.5],
			"to": [8.25717, 9.64942, -6.5],
			"rotation": {"angle": -45, "axis": "z", "origin": [8, 8.90659, 7.79432]},
			"faces": {
				"north": {"uv": [4.5, 6.25, 4.75, 6.5], "texture": "#1"},
				"east": {"uv": [5.5, 3, 6, 3.25], "texture": "#1"},
				"south": {"uv": [3.25, 6.25, 3.5, 6.5], "texture": "#1"},
				"west": {"uv": [5, 3, 5.5, 3.25], "texture": "#1"},
				"up": {"uv": [4.75, 3.5, 5, 4], "texture": "#1"},
				"down": {"uv": [5.25, 6.5, 5.5, 6], "texture": "#1"}
			}
		},
		{
			"from": [6.37329, 9.5333, -14.5],
			"to": [7.37329, 10.5333, 5.5],
			"rotation": {"angle": -45, "axis": "z", "origin": [8, 8.90659, 7.79432]},
			"faces": {
				"north": {"uv": [3, 6.25, 3.25, 6.5], "texture": "#1"},
				"east": {"uv": [3.25, 2, 8.25, 2.25], "texture": "#1"},
				"south": {"uv": [2.75, 6.25, 3, 6.5], "texture": "#1"},
				"west": {"uv": [1, 3.25, 6, 3.5], "texture": "#1"},
				"up": {"uv": [1, 3.5, 1.25, 8.5], "texture": "#1"},
				"down": {"uv": [1.25, 8.5, 1.5, 3.5], "texture": "#1"}
			}
		},
		{
			"from": [8, 10.5, -13.5],
			"to": [8, 12, -11.5],
			"rotation": {"angle": 0, "axis": "y", "origin": [8, 8.90659, 7.79432]},
			"faces": {
				"north": {"uv": [0, 0, 0, 0.5], "texture": "#1"},
				"east": {"uv": [5.5, 5.25, 6, 5.75], "texture": "#1"},
				"south": {"uv": [0, 0, 0, 0.5], "texture": "#1"},
				"west": {"uv": [5.5, 4.75, 6, 5.25], "texture": "#1"},
				"up": {"uv": [0, 0, 0, 0.5], "texture": "#1"},
				"down": {"uv": [0, 0.5, 0, 0], "texture": "#1"}
			}
		},
		{
			"from": [7.5, 7.5, 13.5],
			"to": [8.5, 8.5, 16.5],
			"rotation": {"angle": 0, "axis": "y", "origin": [8, 8.90659, 7.79432]},
			"faces": {
				"north": {"uv": [6.25, 4.75, 6.5, 5], "texture": "#1"},
				"east": {"uv": [4, 2.25, 4.75, 2.5], "texture": "#1"},
				"south": {"uv": [4.75, 6.25, 5, 6.5], "texture": "#1"},
				"west": {"uv": [3.25, 2.25, 4, 2.5], "texture": "#1"},
				"up": {"uv": [6, 4.75, 6.25, 5.5], "texture": "#1"},
				"down": {"uv": [5, 6.75, 5.25, 6], "texture": "#1"}
			}
		},
		{
			"name": "cube inverted",
			"from": [8.5, 8.5, 16.5],
			"to": [7.5, 7.5, 13.5],
			"rotation": {"angle": 0, "axis": "y", "origin": [8, 8.90659, 7.79432]},
			"faces": {
				"north": {"uv": [4.75, 6.5, 5, 6.25], "texture": "#1"},
				"east": {"uv": [3.25, 2.5, 4, 2.25], "texture": "#1"},
				"south": {"uv": [6.25, 5, 6.5, 4.75], "texture": "#1"},
				"west": {"uv": [4, 2.5, 4.75, 2.25], "texture": "#1"},
				"up": {"uv": [5.25, 6.75, 5, 6], "texture": "#1"},
				"down": {"uv": [6.25, 4.75, 6, 5.5], "texture": "#1"}
			}
		},
		{
			"from": [8, 7.5, 15.5],
			"to": [8, 8.5, 16.5],
			"rotation": {"angle": 0, "axis": "y", "origin": [8, 8.90659, 7.79432]},
			"faces": {
				"north": {"uv": [0, 0, 0, 0.25], "texture": "#1"},
				"east": {"uv": [2.5, 6.25, 2.75, 6.5], "texture": "#1"},
				"south": {"uv": [0, 0, 0, 0.25], "texture": "#1"},
				"west": {"uv": [4.75, 2.25, 5, 2.5], "texture": "#1"},
				"up": {"uv": [0, 0, 0, 0.25], "texture": "#1"},
				"down": {"uv": [0, 0.25, 0, 0], "texture": "#1"}
			}
		}
	],
	"display": {
		"thirdperson_righthand": {
			"translation": [0, -0.25, -2.75],
			"scale": [0.6, 0.6, 0.6]
		},
		"gui": {
			"rotation": [-29, -151, 0],
			"translation": [0.5, 0.75, 0],
			"scale": [0.54, 0.54, 0.54]
		}
	},
	"groups": [
		{
			"name": "nova",
			"origin": [0, -2, -1],
			"color": 0,
			"children": [
				0,
				1,
				2,
				3,
				4,
				5,
				6,
				7,
				8,
				9,
				10,
				11,
				12,
				13,
				{
					"name": "trigger",
					"origin": [0, -2, -1],
					"color": 0,
					"children": [14, 15, 16]
				}
			]
		}
	]
}