{
	"credit": "Made with Blockbench",
	"texture_size": [32, 32],
	"textures": {
		"2": "custom/p90",
		"particle": "custom/p90"
	},
	"elements": [
		{
			"from": [7, 10.5, 5.5],
			"to": [9, 11.5, 16.5],
			"rotation": {"angle": 0, "axis": "y", "origin": [8, 11, 11]},
			"faces": {
				"north": {"uv": [10.5, 3.5, 11.5, 4], "texture": "#2"},
				"east": {"uv": [3, 6, 8.5, 6.5], "texture": "#2"},
				"south": {"uv": [10.5, 4, 11.5, 4.5], "texture": "#2"},
				"west": {"uv": [6, 3, 11.5, 3.5], "texture": "#2"},
				"up": {"uv": [4, 5.5, 3, 0], "texture": "#2"},
				"down": {"uv": [5, 0, 4, 5.5], "texture": "#2"}
			}
		},
		{
			"from": [7, 6.5, 18.5],
			"to": [9, 11.5, 24.5],
			"rotation": {"angle": 0, "axis": "y", "origin": [0, 2.5, 1.5]},
			"faces": {
				"north": {"uv": [3, 6.5, 4, 9], "texture": "#2"},
				"east": {"uv": [0, 0, 3, 2.5], "texture": "#2"},
				"south": {"uv": [4, 6.5, 5, 9], "texture": "#2"},
				"west": {"uv": [0, 2.5, 3, 5], "texture": "#2"},
				"up": {"uv": [3, 8, 2, 5], "texture": "#2"},
				"down": {"uv": [6, 2, 5, 5], "texture": "#2"}
			}
		},
		{
			"from": [7, 10.5, 16.5],
			"to": [9, 11.5, 18.5],
			"rotation": {"angle": 0, "axis": "y", "origin": [0, 2.5, 1.5]},
			"faces": {
				"north": {"uv": [9, 4.5, 10, 5], "texture": "#2"},
				"east": {"uv": [1, 10.5, 2, 11], "texture": "#2"},
				"south": {"uv": [10.5, 2.5, 11.5, 3], "texture": "#2"},
				"west": {"uv": [3, 10.5, 4, 11], "texture": "#2"},
				"up": {"uv": [10, 4.5, 9, 3.5], "texture": "#2"},
				"down": {"uv": [6, 9, 5, 10], "texture": "#2"}
			}
		},
		{
			"from": [7, 8.5, 9.5],
			"to": [9, 10.5, 18.5],
			"rotation": {"angle": 0, "axis": "y", "origin": [0, 2.5, 1.5]},
			"faces": {
				"north": {"uv": [6, 9, 7, 10], "texture": "#2"},
				"east": {"uv": [5, 0, 9.5, 1], "texture": "#2"},
				"south": {"uv": [9, 6.5, 10, 7.5], "texture": "#2"},
				"west": {"uv": [5, 1, 9.5, 2], "texture": "#2"},
				"up": {"uv": [1, 9.5, 0, 5], "texture": "#2"},
				"down": {"uv": [2, 5, 1, 9.5], "texture": "#2"}
			}
		},
		{
			"from": [6.9, 10, 8.5],
			"to": [6.9, 13, 11.5],
			"rotation": {"angle": 0, "axis": "y", "origin": [8, 11.5, 9.5]},
			"faces": {
				"north": {"uv": [0, 0, 0, 1.5], "texture": "#2"},
				"east": {"uv": [6, 3.5, 7.5, 5], "texture": "#2"},
				"south": {"uv": [0, 0, 0, 1.5], "texture": "#2"},
				"west": {"uv": [5, 6.5, 6.5, 8], "texture": "#2"},
				"up": {"uv": [0, 1.5, 0, 0], "texture": "#2"},
				"down": {"uv": [0, 0, 0, 1.5], "texture": "#2"}
			}
		},
		{
			"from": [6.9, 13, 8.5],
			"to": [9.1, 13, 11.5],
			"rotation": {"angle": 0, "axis": "y", "origin": [8, 11.5, 9.5]},
			"faces": {
				"north": {"uv": [0, 0, 1, 0], "texture": "#2"},
				"east": {"uv": [0, 0, 1.5, 0], "texture": "#2"},
				"south": {"uv": [0, 0, 1, 0], "texture": "#2"},
				"west": {"uv": [0, 0, 1.5, 0], "texture": "#2"},
				"up": {"uv": [3, 9.5, 2, 8], "texture": "#2"},
				"down": {"uv": [9, 6.5, 8, 8], "texture": "#2"}
			}
		},
		{
			"from": [9.1, 10, 8.5],
			"to": [9.1, 13, 11.5],
			"rotation": {"angle": 0, "axis": "y", "origin": [8, 11.5, 9.5]},
			"faces": {
				"north": {"uv": [0, 0, 0, 1.5], "texture": "#2"},
				"east": {"uv": [6.5, 6.5, 8, 8], "texture": "#2"},
				"south": {"uv": [0, 0, 0, 1.5], "texture": "#2"},
				"west": {"uv": [7.5, 3.5, 9, 5], "texture": "#2"},
				"up": {"uv": [0, 1.5, 0, 0], "texture": "#2"},
				"down": {"uv": [0, 0, 0, 1.5], "texture": "#2"}
			}
		},
		{
			"from": [7.5, 8.5, 3.5],
			"to": [8.5, 10.5, 9.5],
			"rotation": {"angle": 0, "axis": "y", "origin": [0, 2.5, 1.5]},
			"faces": {
				"north": {"uv": [2, 10.5, 2.5, 11.5], "texture": "#2"},
				"east": {"uv": [5, 5, 8, 6], "texture": "#2"},
				"south": {"uv": [5, 10.5, 5.5, 11.5], "texture": "#2"},
				"west": {"uv": [6, 2, 9, 3], "texture": "#2"},
				"up": {"uv": [7.5, 11, 7, 8], "texture": "#2"},
				"down": {"uv": [8, 8, 7.5, 11], "texture": "#2"}
			}
		},
		{
			"from": [7.5, 9.5, 1.5],
			"to": [8.5, 10.5, 3.5],
			"rotation": {"angle": 45, "axis": "z", "origin": [8, 10, 2.5]},
			"faces": {
				"north": {"uv": [4.5, 5.5, 5, 6], "texture": "#2"},
				"east": {"uv": [10.5, 4.5, 11.5, 5], "texture": "#2"},
				"south": {"uv": [11, 1.5, 11.5, 2], "texture": "#2"},
				"west": {"uv": [5.5, 10.5, 6.5, 11], "texture": "#2"},
				"up": {"uv": [11, 8.5, 10.5, 7.5], "texture": "#2"},
				"down": {"uv": [8.5, 10.5, 8, 11.5], "texture": "#2"}
			}
		},
		{
			"from": [7.505, 13, 3.5],
			"to": [8.495, 14.41421, 4.5],
			"rotation": {"angle": 45, "axis": "x", "origin": [8, 13, 3.5]},
			"faces": {
				"north": {"uv": [11, 6, 11.5, 6.5], "texture": "#2"},
				"east": {"uv": [11.5, 3.5, 12, 4], "texture": "#2"},
				"south": {"uv": [4, 11.5, 4.5, 12], "texture": "#2"},
				"west": {"uv": [11.5, 4, 12, 4.5], "texture": "#2"},
				"up": {"uv": [5, 12, 4.5, 11.5], "texture": "#2"},
				"down": {"uv": [12, 4.5, 11.5, 5], "texture": "#2"}
			}
		},
		{
			"from": [7.505, 13, 9.5],
			"to": [8.495, 14.41421, 10.5],
			"rotation": {"angle": -45, "axis": "x", "origin": [8, 13, 10.5]},
			"faces": {
				"north": {"uv": [5, 11.5, 5.5, 12], "texture": "#2"},
				"east": {"uv": [11.5, 5, 12, 5.5], "texture": "#2"},
				"south": {"uv": [11.5, 5.5, 12, 6], "texture": "#2"},
				"west": {"uv": [11.5, 6, 12, 6.5], "texture": "#2"},
				"up": {"uv": [7, 12, 6.5, 11.5], "texture": "#2"},
				"down": {"uv": [12, 6.5, 11.5, 7], "texture": "#2"}
			}
		},
		{
			"from": [7.5, 10.5, 3.5],
			"to": [8.5, 13, 5.5],
			"rotation": {"angle": 0, "axis": "y", "origin": [0, 2.5, 1.5]},
			"faces": {
				"north": {"uv": [2.5, 9.5, 3, 11], "texture": "#2"},
				"east": {"uv": [8, 8, 9, 9.5], "texture": "#2"},
				"south": {"uv": [9.5, 8.5, 10, 10], "texture": "#2"},
				"west": {"uv": [3, 9, 4, 10.5], "texture": "#2"},
				"up": {"uv": [9, 11.5, 8.5, 10.5], "texture": "#2"},
				"down": {"uv": [11, 8.5, 10.5, 9.5], "texture": "#2"}
			}
		},
		{
			"from": [7.5, 13, 4.5],
			"to": [8.5, 14, 9.5],
			"rotation": {"angle": 0, "axis": "y", "origin": [8, 13.5, 7]},
			"faces": {
				"north": {"uv": [11.5, 7, 12, 7.5], "texture": "#2"},
				"east": {"uv": [8.5, 6, 11, 6.5], "texture": "#2"},
				"south": {"uv": [11.5, 7.5, 12, 8], "texture": "#2"},
				"west": {"uv": [9, 2, 11.5, 2.5], "texture": "#2"},
				"up": {"uv": [4.5, 11.5, 4, 9], "texture": "#2"},
				"down": {"uv": [5, 9, 4.5, 11.5], "texture": "#2"}
			}
		},
		{
			"from": [7.505, 7, 3.505],
			"to": [8.495, 9, 4.5],
			"rotation": {"angle": 0, "axis": "y", "origin": [0.08, 2.5, 1.5]},
			"faces": {
				"north": {"uv": [10.5, 9.5, 11, 10.5], "texture": "#2"},
				"east": {"uv": [10.5, 10.5, 11, 11.5], "texture": "#2"},
				"south": {"uv": [11, 0.5, 11.5, 1.5], "texture": "#2"},
				"west": {"uv": [1, 11, 1.5, 12], "texture": "#2"},
				"up": {"uv": [8.5, 12, 8, 11.5], "texture": "#2"},
				"down": {"uv": [12, 8, 11.5, 8.5], "texture": "#2"}
			}
		},
		{
			"from": [7.505, 8, 4.5],
			"to": [8.495, 9, 5.5],
			"rotation": {"angle": 0, "axis": "y", "origin": [0.08, 2.5, 1.5]},
			"faces": {
				"north": {"uv": [8.5, 11.5, 9, 12], "texture": "#2"},
				"east": {"uv": [11.5, 8.5, 12, 9], "texture": "#2"},
				"south": {"uv": [11.5, 9, 12, 9.5], "texture": "#2"},
				"west": {"uv": [9.5, 11.5, 10, 12], "texture": "#2"},
				"up": {"uv": [12, 10, 11.5, 9.5], "texture": "#2"},
				"down": {"uv": [10.5, 11.5, 10, 12], "texture": "#2"}
			}
		},
		{
			"from": [7.5, 6.5, 15],
			"to": [8.5, 8.5, 19],
			"rotation": {"angle": 0, "axis": "y", "origin": [0, 2.5, 1.5]},
			"faces": {
				"north": {"uv": [1.5, 11, 2, 12], "texture": "#2"},
				"east": {"uv": [5, 8, 7, 9], "texture": "#2"},
				"south": {"uv": [2.5, 11, 3, 12], "texture": "#2"},
				"west": {"uv": [8, 5, 10, 6], "texture": "#2"},
				"up": {"uv": [9.5, 9.5, 9, 7.5], "texture": "#2"},
				"down": {"uv": [0.5, 9.5, 0, 11.5], "texture": "#2"}
			}
		},
		{
			"from": [7.5, 6.5, 9.5],
			"to": [8.5, 8.5, 11.5],
			"rotation": {"angle": 0, "axis": "y", "origin": [0, 2.5, 1.5]},
			"faces": {
				"north": {"uv": [3, 11, 3.5, 12], "texture": "#2"},
				"east": {"uv": [9.5, 0, 10.5, 1], "texture": "#2"},
				"south": {"uv": [3.5, 11, 4, 12], "texture": "#2"},
				"west": {"uv": [0.5, 9.5, 1.5, 10.5], "texture": "#2"},
				"up": {"uv": [6, 12, 5.5, 11], "texture": "#2"},
				"down": {"uv": [6.5, 11, 6, 12], "texture": "#2"}
			}
		},
		{
			"from": [7.505, 7.5, 7],
			"to": [8.495, 8.5, 10],
			"rotation": {"angle": -45, "axis": "x", "origin": [8, 8.5, 10]},
			"faces": {
				"north": {"uv": [11.5, 10, 12, 10.5], "texture": "#2"},
				"east": {"uv": [3, 5.5, 4.5, 6], "texture": "#2"},
				"south": {"uv": [10.5, 11.5, 11, 12], "texture": "#2"},
				"west": {"uv": [9, 2.5, 10.5, 3], "texture": "#2"},
				"up": {"uv": [9.5, 11, 9, 9.5], "texture": "#2"},
				"down": {"uv": [10.5, 3.5, 10, 5], "texture": "#2"}
			}
		},
		{
			"from": [7.5, 5.5, 7],
			"to": [8.5, 7.5, 9],
			"rotation": {"angle": 0, "axis": "y", "origin": [0, 1.5, -1.5]},
			"faces": {
				"north": {"uv": [7, 11, 7.5, 12], "texture": "#2"},
				"east": {"uv": [9.5, 1, 10.5, 2], "texture": "#2"},
				"south": {"uv": [7.5, 11, 8, 12], "texture": "#2"},
				"west": {"uv": [1.5, 9.5, 2.5, 10.5], "texture": "#2"},
				"up": {"uv": [11.5, 8.5, 11, 7.5], "texture": "#2"},
				"down": {"uv": [11.5, 8.5, 11, 9.5], "texture": "#2"}
			}
		},
		{
			"from": [8, 7.5, 8],
			"to": [8, 9.5, 10],
			"rotation": {"angle": 0, "axis": "y", "origin": [0, 3.5, -0.5]},
			"faces": {
				"north": {"uv": [0, 0, 0, 1], "texture": "#2"},
				"east": {"uv": [9.5, 7.5, 10.5, 8.5], "texture": "#2"},
				"south": {"uv": [0, 0, 0, 1], "texture": "#2"},
				"west": {"uv": [8, 9.5, 9, 10.5], "texture": "#2"},
				"up": {"uv": [0, 1, 0, 0], "texture": "#2"},
				"down": {"uv": [0, 0, 0, 1], "texture": "#2"}
			}
		},
		{
			"from": [7.5, 6.5, 6],
			"to": [8.5, 7.5, 7],
			"rotation": {"angle": 0, "axis": "y", "origin": [0, 2.5, -2.5]},
			"faces": {
				"north": {"uv": [11.5, 10.5, 12, 11], "texture": "#2"},
				"east": {"uv": [11, 11.5, 11.5, 12], "texture": "#2"},
				"south": {"uv": [11.5, 11, 12, 11.5], "texture": "#2"},
				"west": {"uv": [11.5, 11.5, 12, 12], "texture": "#2"},
				"up": {"uv": [12.5, 0.5, 12, 0], "texture": "#2"},
				"down": {"uv": [1, 12, 0.5, 12.5], "texture": "#2"}
			}
		},
		{
			"from": [7.505, 5.46447, 6.91421],
			"to": [8.495, 7.58579, 7.91421],
			"rotation": {"angle": -45, "axis": "x", "origin": [8, 5.58579, 6.91421]},
			"faces": {
				"north": {"uv": [9, 11, 9.5, 12], "texture": "#2"},
				"east": {"uv": [11, 9.5, 11.5, 10.5], "texture": "#2"},
				"south": {"uv": [11, 10.5, 11.5, 11.5], "texture": "#2"},
				"west": {"uv": [0, 11.5, 0.5, 12.5], "texture": "#2"},
				"up": {"uv": [12.5, 1, 12, 0.5], "texture": "#2"},
				"down": {"uv": [1.5, 12, 1, 12.5], "texture": "#2"}
			}
		},
		{
			"from": [7.505, 7, 5.5],
			"to": [8.495, 9, 6.5],
			"rotation": {"angle": 0, "axis": "y", "origin": [8, 6.91421, 5.58579]},
			"faces": {
				"north": {"uv": [11.5, 0.5, 12, 1.5], "texture": "#2"},
				"east": {"uv": [11.5, 1.5, 12, 2.5], "texture": "#2"},
				"south": {"uv": [2, 11.5, 2.5, 12.5], "texture": "#2"},
				"west": {"uv": [11.5, 2.5, 12, 3.5], "texture": "#2"},
				"up": {"uv": [12.5, 1.5, 12, 1], "texture": "#2"},
				"down": {"uv": [2, 12, 1.5, 12.5], "texture": "#2"}
			}
		},
		{
			"from": [7.505, 5.5, 15],
			"to": [8.495, 6.5, 16],
			"rotation": {"angle": 45, "axis": "x", "origin": [8, 6.5, 16]},
			"faces": {
				"north": {"uv": [5, 12, 5.5, 12.5], "texture": "#2"},
				"east": {"uv": [12, 5, 12.5, 5.5], "texture": "#2"},
				"south": {"uv": [5.5, 12, 6, 12.5], "texture": "#2"},
				"west": {"uv": [12, 5.5, 12.5, 6], "texture": "#2"},
				"up": {"uv": [6.5, 12.5, 6, 12], "texture": "#2"},
				"down": {"uv": [12.5, 6, 12, 6.5], "texture": "#2"}
			}
		},
		{
			"from": [7.505, 6.36156, 10.66866],
			"to": [8.495, 7.36156, 13.66866],
			"rotation": {"angle": 22.5, "axis": "x", "origin": [8, 7.61156, 11.16866]},
			"faces": {
				"north": {"uv": [6.5, 12, 7, 12.5], "texture": "#2"},
				"east": {"uv": [5, 10, 6.5, 10.5], "texture": "#2"},
				"south": {"uv": [12, 6.5, 12.5, 7], "texture": "#2"},
				"west": {"uv": [10, 5, 11.5, 5.5], "texture": "#2"},
				"up": {"uv": [7, 11.5, 6.5, 10], "texture": "#2"},
				"down": {"uv": [10.5, 8.5, 10, 10], "texture": "#2"}
			}
		},
		{
			"from": [7.5, 5.5, 13],
			"to": [8.5, 6.5, 16],
			"rotation": {"angle": 0, "axis": "y", "origin": [8, 7, 13.25]},
			"faces": {
				"north": {"uv": [7, 12, 7.5, 12.5], "texture": "#2"},
				"east": {"uv": [10, 5.5, 11.5, 6], "texture": "#2"},
				"south": {"uv": [12, 7, 12.5, 7.5], "texture": "#2"},
				"west": {"uv": [10, 6.5, 11.5, 7], "texture": "#2"},
				"up": {"uv": [10, 11.5, 9.5, 10], "texture": "#2"},
				"down": {"uv": [10.5, 10, 10, 11.5], "texture": "#2"}
			}
		},
		{
			"from": [7.505, 6.64805, 15.77164],
			"to": [8.495, 7.64805, 18.77164],
			"rotation": {"angle": -22.5, "axis": "x", "origin": [8, 6.64805, 18.77164]},
			"faces": {
				"north": {"uv": [7.5, 12, 8, 12.5], "texture": "#2"},
				"east": {"uv": [10, 7, 11.5, 7.5], "texture": "#2"},
				"south": {"uv": [12, 7.5, 12.5, 8], "texture": "#2"},
				"west": {"uv": [10.5, 0, 12, 0.5], "texture": "#2"},
				"up": {"uv": [1, 12, 0.5, 10.5], "texture": "#2"},
				"down": {"uv": [11, 0.5, 10.5, 2], "texture": "#2"}
			}
		}
	],
	"display": {
		"thirdperson_righthand": {
			"scale": [0.6, 0.6, 0.6]
		},
		"thirdperson_lefthand": {
			"scale": [0.6, 0.6, 0.6]
		},
		"ground": {
			"translation": [0, 0, -5.25]
		},
		"gui": {
			"rotation": [26, 125, 0],
			"translation": [-3.25, -1.75, 0],
			"scale": [0.74, 0.74, 0.74]
		}
	},
	"groups": [
		{
			"name": "p90",
			"origin": [0, 0, 0],
			"color": 0,
			"children": [
				{
					"name": "ammo",
					"origin": [0, 2.5, 1.5],
					"color": 0,
					"children": [0]
				},
				1,
				2,
				3,
				4,
				5,
				6,
				7,
				8,
				9,
				10,
				11,
				12,
				13,
				14,
				15,
				16,
				17,
				18,
				19,
				20,
				21,
				22,
				23,
				24,
				25,
				26
			]
		}
	]
}