{
	"credit": "Made with Blockbench",
	"texture_size": [64, 64],
	"textures": {
		"2": "custom/purple_revolver"
	},
	"elements": [
		{
			"from": [7, 8.5, 0],
			"to": [9, 10.5, 9],
			"shade": false,
			"rotation": {"angle": 0, "axis": "y", "origin": [8, 9.5, 4]},
			"faces": {
				"north": {"uv": [5.25, 5.75, 5.75, 6.25], "texture": "#2"},
				"east": {"uv": [0, 2, 2.25, 2.5], "texture": "#2"},
				"south": {"uv": [6, 0, 6.5, 0.5], "texture": "#2"},
				"west": {"uv": [2, 0, 4.25, 0.5], "texture": "#2"},
				"up": {"uv": [3, 3, 2.5, 0.75], "texture": "#2"},
				"down": {"uv": [0.5, 2.75, 0, 5], "texture": "#2"}
			}
		},
		{
			"from": [7.5, 6.5, 8],
			"to": [8.5, 7.5, 14],
			"shade": false,
			"rotation": {"angle": 0, "axis": "y", "origin": [8, 9, 11]},
			"faces": {
				"north": {"uv": [6, 1.5, 6.25, 1.75], "texture": "#2"},
				"east": {"uv": [5.25, 3.5, 6.75, 3.75], "texture": "#2"},
				"south": {"uv": [7.25, 1.5, 7.5, 1.75], "texture": "#2"},
				"west": {"uv": [3.75, 5.25, 5.25, 5.5], "texture": "#2"},
				"up": {"uv": [0.25, 6.75, 0, 5.25], "texture": "#2"},
				"down": {"uv": [5.75, 0, 5.5, 1.5], "texture": "#2"}
			}
		},
		{
			"from": [7.5, 4.5, 13],
			"to": [8.5, 6.5, 13],
			"shade": false,
			"rotation": {"angle": 45, "axis": "x", "origin": [8, 6.5, 13]},
			"faces": {
				"north": {"uv": [7.25, 0, 7.5, 0.5], "texture": "#2"},
				"east": {"uv": [0.5, 5.25, 0.5, 5.75], "texture": "#2"},
				"south": {"uv": [7.25, 0.75, 7.5, 1.25], "texture": "#2"},
				"west": {"uv": [0.5, 6, 0.5, 6.5], "texture": "#2"},
				"up": {"uv": [2.25, 1.75, 2, 1.75], "texture": "#2"},
				"down": {"uv": [4.75, 2.5, 4.5, 2.5], "texture": "#2"}
			}
		},
		{
			"from": [7.5, 10.5, 8],
			"to": [8.5, 11.5, 14],
			"shade": false,
			"rotation": {"angle": 0, "axis": "y", "origin": [8, 9, 11]},
			"faces": {
				"north": {"uv": [5.25, 7.5, 5.5, 7.75], "texture": "#2"},
				"east": {"uv": [5.25, 4, 6.75, 4.25], "texture": "#2"},
				"south": {"uv": [5.75, 7.5, 6, 7.75], "texture": "#2"},
				"west": {"uv": [5.5, 5.25, 7, 5.5], "texture": "#2"},
				"up": {"uv": [2.5, 7, 2.25, 5.5], "texture": "#2"},
				"down": {"uv": [3, 5.5, 2.75, 7], "texture": "#2"}
			}
		},
		{
			"from": [7.5, 7.5, 13],
			"to": [8.5, 10.5, 14],
			"shade": false,
			"rotation": {"angle": 0, "axis": "y", "origin": [8, 9, 11]},
			"faces": {
				"north": {"uv": [2, 0.75, 2.25, 1.5], "texture": "#2"},
				"east": {"uv": [5.25, 6.5, 5.5, 7.25], "texture": "#2"},
				"south": {"uv": [5.75, 6.5, 6, 7.25], "texture": "#2"},
				"west": {"uv": [6.25, 6.5, 6.5, 7.25], "texture": "#2"},
				"up": {"uv": [6.5, 7.75, 6.25, 7.5], "texture": "#2"},
				"down": {"uv": [8, 0, 7.75, 0.25], "texture": "#2"}
			}
		},
		{
			"from": [7.5, 7.5, 8],
			"to": [8.5, 10.5, 9],
			"shade": false,
			"rotation": {"angle": 0, "axis": "y", "origin": [8, 9, 11]},
			"faces": {
				"north": {"uv": [6.75, 0, 7, 0.75], "texture": "#2"},
				"east": {"uv": [6.75, 1, 7, 1.75], "texture": "#2"},
				"south": {"uv": [3.75, 6.75, 4, 7.5], "texture": "#2"},
				"west": {"uv": [4.25, 6.75, 4.5, 7.5], "texture": "#2"},
				"up": {"uv": [8, 0.75, 7.75, 0.5], "texture": "#2"},
				"down": {"uv": [8, 1, 7.75, 1.25], "texture": "#2"}
			}
		},
		{
			"from": [7.50746, 9.5, 13],
			"to": [8.49254, 11.5, 14],
			"shade": false,
			"rotation": {"angle": -22.5, "axis": "x", "origin": [8, 11.5, 14]},
			"faces": {
				"north": {"uv": [2, 7.25, 2.25, 7.75], "texture": "#2"},
				"east": {"uv": [2.5, 7.25, 2.75, 7.75], "texture": "#2"},
				"south": {"uv": [3, 7.25, 3.25, 7.75], "texture": "#2"},
				"west": {"uv": [7.25, 5, 7.5, 5.5], "texture": "#2"},
				"up": {"uv": [8, 1.75, 7.75, 1.5], "texture": "#2"},
				"down": {"uv": [8, 2, 7.75, 2.25], "texture": "#2"}
			}
		},
		{
			"from": [7.5, 10.5, 14],
			"to": [8.5, 10.5, 16],
			"shade": false,
			"rotation": {"angle": -22.5, "axis": "x", "origin": [8, 11.5, 14]},
			"faces": {
				"north": {"uv": [3.75, 5, 4, 5], "texture": "#2"},
				"east": {"uv": [5.25, 4.5, 5.75, 4.5], "texture": "#2"},
				"south": {"uv": [5.5, 1.75, 5.75, 1.75], "texture": "#2"},
				"west": {"uv": [6.5, 5, 7, 5], "texture": "#2"},
				"up": {"uv": [7.5, 6.25, 7.25, 5.75], "texture": "#2"},
				"down": {"uv": [7.5, 6.5, 7.25, 7], "texture": "#2"}
			}
		},
		{
			"from": [7.50499, 7.65224, 13.76537],
			"to": [8.49501, 9.65224, 15.76537],
			"shade": false,
			"rotation": {"angle": 22.5, "axis": "x", "origin": [8, 9.65224, 14.76537]},
			"faces": {
				"north": {"uv": [7.25, 7.25, 7.5, 7.75], "texture": "#2"},
				"east": {"uv": [6, 0.75, 6.5, 1.25], "texture": "#2"},
				"south": {"uv": [7.5, 2.5, 7.75, 3], "texture": "#2"},
				"west": {"uv": [6, 5.75, 6.5, 6.25], "texture": "#2"},
				"up": {"uv": [7.75, 3.75, 7.5, 3.25], "texture": "#2"},
				"down": {"uv": [7.75, 4, 7.5, 4.5], "texture": "#2"}
			}
		},
		{
			"from": [7.0025, 2.26956, 12.68925],
			"to": [8.9975, 9.26956, 15.68925],
			"shade": false,
			"rotation": {"angle": -22.5, "axis": "x", "origin": [8, 9.26956, 15.68925]},
			"faces": {
				"north": {"uv": [0.75, 2.75, 1.25, 4.5], "texture": "#2"},
				"east": {"uv": [0, 0, 0.75, 1.75], "texture": "#2"},
				"south": {"uv": [1.5, 2.75, 2, 4.5], "texture": "#2"},
				"west": {"uv": [1, 0, 1.75, 1.75], "texture": "#2"},
				"up": {"uv": [4.25, 6.5, 3.75, 5.75], "texture": "#2"},
				"down": {"uv": [5, 5.75, 4.5, 6.5], "texture": "#2"}
			}
		},
		{
			"from": [7.5, 4.35406, 12.05939],
			"to": [8.5, 7.35406, 15.05939],
			"shade": false,
			"rotation": {"angle": -22.5, "axis": "x", "origin": [8, 2.35406, 12.05939]},
			"faces": {
				"north": {"uv": [4.75, 6.75, 5, 7.5], "texture": "#2"},
				"east": {"uv": [3.25, 4, 4, 4.75], "texture": "#2"},
				"south": {"uv": [6.75, 5.75, 7, 6.5], "texture": "#2"},
				"west": {"uv": [4.25, 2.75, 5, 3.5], "texture": "#2"},
				"up": {"uv": [7, 7.5, 6.75, 6.75], "texture": "#2"},
				"down": {"uv": [0.25, 7, 0, 7.75], "texture": "#2"}
			}
		},
		{
			"from": [7.56066, 7.06066, 9],
			"to": [10.56066, 10.06066, 13],
			"shade": false,
			"rotation": {"angle": 45, "axis": "z", "origin": [8, 7.5, 11]},
			"faces": {
				"north": {"uv": [4.25, 3.75, 5, 4.5], "texture": "#2"},
				"east": {"uv": [3.25, 0.75, 4.25, 1.5], "texture": "#2"},
				"south": {"uv": [4.5, 0, 5.25, 0.75], "texture": "#2"},
				"west": {"uv": [3.25, 1.75, 4.25, 2.5], "texture": "#2"},
				"up": {"uv": [3, 4.25, 2.25, 3.25], "texture": "#2"},
				"down": {"uv": [4, 2.75, 3.25, 3.75], "texture": "#2"}
			}
		},
		{
			"from": [7.5, 7.5, 0],
			"to": [8.5, 8.5, 8],
			"shade": false,
			"rotation": {"angle": 0, "axis": "y", "origin": [8, 8, 4]},
			"faces": {
				"north": {"uv": [3.5, 7.75, 3.75, 8], "texture": "#2"},
				"east": {"uv": [4.5, 2, 6.5, 2.25], "texture": "#2"},
				"south": {"uv": [4, 7.75, 4.25, 8], "texture": "#2"},
				"west": {"uv": [4.25, 4.75, 6.25, 5], "texture": "#2"},
				"up": {"uv": [1, 6.75, 0.75, 4.75], "texture": "#2"},
				"down": {"uv": [1.5, 4.75, 1.25, 6.75], "texture": "#2"}
			}
		},
		{
			"from": [7.5, 10.5, 0],
			"to": [8.5, 11.5, 8],
			"shade": false,
			"rotation": {"angle": 0, "axis": "y", "origin": [8, 11, 4]},
			"faces": {
				"north": {"uv": [4.5, 7.75, 4.75, 8], "texture": "#2"},
				"east": {"uv": [5.25, 2.5, 7.25, 2.75], "texture": "#2"},
				"south": {"uv": [7.75, 4.75, 8, 5], "texture": "#2"},
				"west": {"uv": [5.25, 3, 7.25, 3.25], "texture": "#2"},
				"up": {"uv": [2, 6.75, 1.75, 4.75], "texture": "#2"},
				"down": {"uv": [3.5, 5, 3.25, 7], "texture": "#2"}
			}
		},
		{
			"from": [8, 11.5, 0],
			"to": [8, 12.5, 3],
			"shade": false,
			"rotation": {"angle": 22.5, "axis": "x", "origin": [8, 11.5, 0]},
			"faces": {
				"north": {"uv": [2.25, 2.75, 2.25, 3], "texture": "#2"},
				"east": {"uv": [6.5, 4.5, 7.25, 4.75], "texture": "#2"},
				"south": {"uv": [6.5, 1.5, 6.5, 1.75], "texture": "#2"},
				"west": {"uv": [6.75, 2, 7.5, 2.25], "texture": "#2"},
				"up": {"uv": [5, 8.5, 5, 7.75], "texture": "#2"},
				"down": {"uv": [7.75, 5.25, 7.75, 6], "texture": "#2"}
			}
		},
		{
			"name": "cube inverted",
			"from": [8.5, 7.35406, 15.05939],
			"to": [7.5, 4.35406, 12.05939],
			"shade": false,
			"rotation": {"angle": -22.5, "axis": "x", "origin": [8, 2.35406, 12.05939]},
			"faces": {
				"north": {"uv": [0.5, 7, 0.75, 7.75], "texture": "#2"},
				"east": {"uv": [4.5, 1, 5.25, 1.75], "texture": "#2"},
				"south": {"uv": [1, 7, 1.25, 7.75], "texture": "#2"},
				"west": {"uv": [2.25, 4.5, 3, 5.25], "texture": "#2"},
				"up": {"uv": [1.75, 7.75, 1.5, 7], "texture": "#2"},
				"down": {"uv": [7.25, 3.5, 7, 4.25], "texture": "#2"}
			}
		}
	],
	"gui_light": "front",
	"display": {
		"thirdperson_righthand": {
			"translation": [0, 1.5, -4.5],
			"scale": [0.8, 0.8, 0.8]
		},
		"thirdperson_lefthand": {
			"translation": [0, 1.5, -4.5],
			"scale": [0.8, 0.8, 0.8]
		},
		"firstperson_righthand": {
			"rotation": [0, 0, 16],
			"translation": [-2, 0, -6]
		},
		"firstperson_lefthand": {
			"rotation": [0, 0, 16],
			"translation": [-2, 0, -6]
		},
		"ground": {
			"translation": [0, 2.5, 0]
		},
		"gui": {
			"rotation": [90, -54, 90],
			"translation": [0.25, 0.75, 0],
			"scale": [0.8, 0.8, 0.8]
		},
		"head": {
			"translation": [0, -2.5, -7.75],
			"scale": [1.6, 1.6, 1.6]
		},
		"fixed": {
			"rotation": [90, 54, -90],
			"translation": [-0.25, 0.75, 0],
			"scale": [2, 2, 2]
		}
	},
	"groups": [
		{
			"name": "main",
			"origin": [8, 2.35406, 12.05939],
			"color": 0,
			"children": [0, 1, 2, 3, 4, 5, 6, 7, 8, 9, 10, 11, 12, 13, 14, 15]
		}
	]
}