{
	"credit": "Made with Blockbench",
	"textures": {
		"2": "custom/r8_revolver",
		"particle": "custom/r8_revolver"
	},
	"elements": [
		{
			"from": [7.505, -0.5, 9.5],
			"to": [8.495, 3.5, 11.5],
			"rotation": {"angle": -22.5, "axis": "x", "origin": [8, 3.5, 9.5]},
			"faces": {
				"north": {"uv": [5, 3, 6, 7], "texture": "#2"},
				"east": {"uv": [0, 0, 2, 4], "texture": "#2"},
				"south": {"uv": [4, 5, 5, 9], "texture": "#2"},
				"west": {"uv": [2, 0, 4, 4], "texture": "#2"},
				"up": {"uv": [7, 5, 6, 3], "texture": "#2"},
				"down": {"uv": [7, 5, 6, 7], "texture": "#2"}
			}
		},
		{
			"from": [7.5, 2.5, 8],
			"to": [8.5, 3.5, 10],
			"rotation": {"angle": 0, "axis": "y", "origin": [8, 3.5, 10]},
			"faces": {
				"north": {"uv": [11, 1, 12, 2], "texture": "#2"},
				"east": {"uv": [9, 4, 11, 5], "texture": "#2"},
				"south": {"uv": [2, 11, 3, 12], "texture": "#2"},
				"west": {"uv": [5, 9, 7, 10], "texture": "#2"},
				"up": {"uv": [10, 7, 9, 5], "texture": "#2"},
				"down": {"uv": [8, 9, 7, 11], "texture": "#2"}
			}
		},
		{
			"from": [8, 2.5, 9],
			"to": [8, 3.5, 10],
			"rotation": {"angle": 0, "axis": "y", "origin": [8, 3.5, 10]},
			"faces": {
				"north": {"uv": [0, 0, 0, 1], "texture": "#2"},
				"east": {"uv": [4, 3, 5, 4], "texture": "#2"},
				"south": {"uv": [0, 0, 0, 1], "texture": "#2"},
				"west": {"uv": [9, 8, 10, 9], "texture": "#2"},
				"up": {"uv": [0, 1, 0, 0], "texture": "#2"},
				"down": {"uv": [0, 0, 0, 1], "texture": "#2"}
			}
		},
		{
			"from": [7.505, 4.11892, 9.7871],
			"to": [8.495, 5.11892, 11.2871],
			"rotation": {"angle": 45, "axis": "x", "origin": [8, 4.61892, 10.2871]},
			"faces": {
				"north": {"uv": [8, 10, 9, 11], "texture": "#2"},
				"east": {"uv": [9, 0, 11, 1], "texture": "#2"},
				"south": {"uv": [10, 8, 11, 9], "texture": "#2"},
				"west": {"uv": [9, 1, 11, 2], "texture": "#2"},
				"up": {"uv": [10, 4, 9, 2], "texture": "#2"},
				"down": {"uv": [5, 9, 4, 11], "texture": "#2"}
			}
		},
		{
			"from": [8, 3.97247, 10.64065],
			"to": [8, 4.97247, 11.64065],
			"rotation": {"angle": -22.5, "axis": "x", "origin": [8, 4.97247, 10.64065]},
			"faces": {
				"north": {"uv": [0, 0, 0, 1], "texture": "#2"},
				"east": {"uv": [11, 2, 12, 3], "texture": "#2"},
				"south": {"uv": [0, 0, 0, 1], "texture": "#2"},
				"west": {"uv": [3, 11, 4, 12], "texture": "#2"},
				"up": {"uv": [0, 1, 0, 0], "texture": "#2"},
				"down": {"uv": [0, 0, 0, 1], "texture": "#2"}
			}
		},
		{
			"from": [7.5, 3.5, 9.5],
			"to": [8.5, 5.5, 10.5],
			"rotation": {"angle": 0, "axis": "y", "origin": [8, 6.5, 9.5]},
			"faces": {
				"north": {"uv": [7, 3, 8, 5], "texture": "#2"},
				"east": {"uv": [5, 7, 6, 9], "texture": "#2"},
				"south": {"uv": [7, 5, 8, 7], "texture": "#2"},
				"west": {"uv": [6, 7, 7, 9], "texture": "#2"},
				"up": {"uv": [3, 11, 2, 10], "texture": "#2"},
				"down": {"uv": [11, 2, 10, 3], "texture": "#2"}
			}
		},
		{
			"from": [7.5, 3.5, 6.5],
			"to": [8.5, 4, 7.5],
			"rotation": {"angle": 0, "axis": "y", "origin": [8, 8.5, 6.5]},
			"faces": {
				"north": {"uv": [3, 10, 4, 11], "texture": "#2"},
				"east": {"uv": [10, 3, 11, 4], "texture": "#2"},
				"south": {"uv": [5, 10, 6, 11], "texture": "#2"},
				"west": {"uv": [10, 5, 11, 6], "texture": "#2"},
				"up": {"uv": [7, 11, 6, 10], "texture": "#2"},
				"down": {"uv": [11, 6, 10, 7], "texture": "#2"}
			}
		},
		{
			"from": [7.5, 4.5, 2.5],
			"to": [8.5, 5.5, 7.5],
			"rotation": {"angle": 45, "axis": "z", "origin": [8, 5, 7.25]},
			"faces": {
				"north": {"uv": [10, 10, 11, 11], "texture": "#2"},
				"east": {"uv": [4, 1, 9, 2], "texture": "#2"},
				"south": {"uv": [11, 0, 12, 1], "texture": "#2"},
				"west": {"uv": [4, 2, 9, 3], "texture": "#2"},
				"up": {"uv": [3, 10, 2, 5], "texture": "#2"},
				"down": {"uv": [4, 5, 3, 10], "texture": "#2"}
			}
		},
		{
			"from": [7.5, 4, 2.6],
			"to": [8.5, 5, 7.5],
			"rotation": {"angle": 0, "axis": "y", "origin": [8, 8.5, 3]},
			"faces": {
				"north": {"uv": [9, 10, 10, 11], "texture": "#2"},
				"east": {"uv": [0, 4, 5, 5], "texture": "#2"},
				"south": {"uv": [10, 9, 11, 10], "texture": "#2"},
				"west": {"uv": [4, 0, 9, 1], "texture": "#2"},
				"up": {"uv": [1, 10, 0, 5], "texture": "#2"},
				"down": {"uv": [2, 5, 1, 10], "texture": "#2"}
			}
		},
		{
			"from": [7.5, 5.5, 7.5],
			"to": [8.5, 5.5, 9.5],
			"rotation": {"angle": 0, "axis": "y", "origin": [8, 10, 7]},
			"faces": {
				"north": {"uv": [0, 0, 1, 0], "texture": "#2"},
				"east": {"uv": [0, 0, 2, 0], "texture": "#2"},
				"south": {"uv": [0, 0, 1, 0], "texture": "#2"},
				"west": {"uv": [0, 0, 2, 0], "texture": "#2"},
				"up": {"uv": [8, 9, 7, 7], "texture": "#2"},
				"down": {"uv": [9, 3, 8, 5], "texture": "#2"}
			}
		},
		{
			"from": [7.5, 3.5, 7.5],
			"to": [8.5, 3.5, 9.5],
			"rotation": {"angle": 0, "axis": "y", "origin": [8, 7, 7]},
			"faces": {
				"north": {"uv": [0, 0, 1, 0], "texture": "#2"},
				"east": {"uv": [0, 0, 2, 0], "texture": "#2"},
				"south": {"uv": [0, 0, 1, 0], "texture": "#2"},
				"west": {"uv": [0, 0, 2, 0], "texture": "#2"},
				"up": {"uv": [9, 7, 8, 5], "texture": "#2"},
				"down": {"uv": [9, 7, 8, 9], "texture": "#2"}
			}
		},
		{
			"from": [7.3, 3.8, 7.5],
			"to": [8.7, 5.2, 9.5],
			"rotation": {"angle": 45, "axis": "z", "origin": [8, 4.5, 8.5]},
			"faces": {
				"north": {"uv": [11, 3, 12, 4], "texture": "#2"},
				"east": {"uv": [9, 7, 11, 8], "texture": "#2"},
				"south": {"uv": [4, 11, 5, 12], "texture": "#2"},
				"west": {"uv": [8, 9, 10, 10], "texture": "#2"},
				"up": {"uv": [1, 12, 0, 10], "texture": "#2"},
				"down": {"uv": [2, 10, 1, 12], "texture": "#2"}
			}
		},
		{
			"name": "cube inverted",
			"from": [8.5, 3.5, 10],
			"to": [7.5, 2.5, 8],
			"rotation": {"angle": 0, "axis": "y", "origin": [8, 3.5, 10]},
			"faces": {
				"north": {"uv": [2, 12, 3, 11], "texture": "#2"},
				"east": {"uv": [5, 10, 7, 9], "texture": "#2"},
				"south": {"uv": [11, 2, 12, 1], "texture": "#2"},
				"west": {"uv": [9, 5, 11, 4], "texture": "#2"},
				"up": {"uv": [7, 9, 8, 11], "texture": "#2"},
				"down": {"uv": [9, 7, 10, 5], "texture": "#2"}
			}
		}
	],
	"display": {
		"thirdperson_righthand": {
			"translation": [0, 5.25, -2.75]
		},
		"thirdperson_lefthand": {
			"translation": [0, 5.25, -2.75]
		},
		"firstperson_righthand": {
			"translation": [0, 8.5, 0]
		},
		"firstperson_lefthand": {
			"translation": [0, 8.5, 0]
		},
		"ground": {
			"translation": [0, 5.5, 0]
		},
		"gui": {
			"rotation": [22, 147, 0],
			"translation": [0, 5.5, 0],
			"scale": [1.39, 1.39, 1.39]
		}
	}
}