{
	"credit": "Made with Blockbench",
	"texture_size": [32, 32],
	"textures": {
		"1": "custom/rocket"
	},
	"elements": [
		{
			"from": [6.5, 1, 6.5],
			"to": [9.5, 13, 9.5],
			"rotation": {"angle": 45, "axis": "y", "origin": [8, 8, 8]},
			"faces": {
				"north": {"uv": [0, 0, 1.5, 6], "texture": "#1"},
				"east": {"uv": [1.5, 0, 3, 6], "texture": "#1"},
				"south": {"uv": [3, 0, 4.5, 6], "texture": "#1"},
				"west": {"uv": [4.5, 0, 6, 6], "texture": "#1"},
				"up": {"uv": [7.5, 7.5, 6, 6], "texture": "#1"},
				"down": {"uv": [8.5, 0, 7, 1.5], "texture": "#1"}
			}
		},
		{
			"from": [7, 13, 7],
			"to": [9, 14, 9],
			"rotation": {"angle": 45, "axis": "y", "origin": [8, 8, 8]},
			"faces": {
				"north": {"uv": [7, 3.5, 8, 4], "texture": "#1"},
				"east": {"uv": [7, 4, 8, 4.5], "texture": "#1"},
				"south": {"uv": [7, 4.5, 8, 5], "texture": "#1"},
				"west": {"uv": [7, 5, 8, 5.5], "texture": "#1"},
				"up": {"uv": [8, 2.5, 7, 1.5], "texture": "#1"},
				"down": {"uv": [8, 2.5, 7, 3.5], "texture": "#1"}
			}
		},
		{
			"from": [8, -0.5, 4.5],
			"to": [8, 5.5, 6.5],
			"rotation": {"angle": 45, "axis": "y", "origin": [8, 8, 8]},
			"faces": {
				"north": {"uv": [0, 0, 0, 3], "texture": "#1"},
				"east": {"uv": [0, 6, 1, 9], "texture": "#1"},
				"south": {"uv": [0, 0, 0, 3], "texture": "#1"},
				"west": {"uv": [6, 0, 7, 3], "texture": "#1"},
				"up": {"uv": [0, 1, 0, 0], "texture": "#1"},
				"down": {"uv": [0, 0, 0, 1], "texture": "#1"}
			}
		},
		{
			"from": [8, -0.5, 9.5],
			"to": [8, 5.5, 11.5],
			"rotation": {"angle": 45, "axis": "y", "origin": [8, 8, 8]},
			"faces": {
				"north": {"uv": [0, 0, 0, 3], "texture": "#1"},
				"east": {"uv": [1, 6, 2, 9], "texture": "#1"},
				"south": {"uv": [0, 0, 0, 3], "texture": "#1"},
				"west": {"uv": [2, 6, 3, 9], "texture": "#1"},
				"up": {"uv": [0, 1, 0, 0], "texture": "#1"},
				"down": {"uv": [0, 0, 0, 1], "texture": "#1"}
			}
		},
		{
			"from": [9.5, -0.5, 8],
			"to": [11.5, 5.5, 8],
			"rotation": {"angle": 45, "axis": "y", "origin": [8, 8, 8]},
			"faces": {
				"north": {"uv": [3, 6, 4, 9], "texture": "#1"},
				"east": {"uv": [0, 0, 0, 3], "texture": "#1"},
				"south": {"uv": [6, 3, 7, 6], "texture": "#1"},
				"west": {"uv": [0, 0, 0, 3], "texture": "#1"},
				"up": {"uv": [1, 0, 0, 0], "texture": "#1"},
				"down": {"uv": [1, 0, 0, 0], "texture": "#1"}
			}
		},
		{
			"from": [4.5, -0.5, 8],
			"to": [6.5, 5.5, 8],
			"rotation": {"angle": 45, "axis": "y", "origin": [8, 8, 8]},
			"faces": {
				"north": {"uv": [4, 6, 5, 9], "texture": "#1"},
				"east": {"uv": [0, 0, 0, 3], "texture": "#1"},
				"south": {"uv": [5, 6, 6, 9], "texture": "#1"},
				"west": {"uv": [0, 0, 0, 3], "texture": "#1"},
				"up": {"uv": [1, 0, 0, 0], "texture": "#1"},
				"down": {"uv": [1, 0, 0, 0], "texture": "#1"}
			}
		}
	],
	"groups": [
		{
			"name": "missile",
			"origin": [8, 1, 8],
			"color": 0,
			"children": [0, 1, 2, 3, 4, 5]
		}
	]
}