{
	"credit": "Made with Blockbench",
	"texture_size": [32, 32],
	"textures": {
		"0": "block/mangrove_log",
		"particle": "block/mangrove_log"
	},
	"elements": [
		{
			"name": "octagon",
			"from": [5.51472, 6, 2],
			"to": [10.48528, 10, 3],
			"rotation": {"angle": -45, "axis": "y", "origin": [8, 8, 8]},
			"faces": {
				"north": {"uv": [2.5, 0, 0, 2], "rotation": 180, "texture": "#0"},
				"south": {"uv": [2.5, 2, 0, 0], "texture": "#0"},
				"up": {"uv": [0, 0, 2.5, 0.5], "rotation": 180, "texture": "#0"},
				"down": {"uv": [0, 0, 2.5, 0.5], "texture": "#0"}
			}
		},
		{
			"name": "octagon",
			"from": [5.51472, 6, 2],
			"to": [10.48528, 10, 3],
			"rotation": {"angle": 0, "axis": "z", "origin": [8, 8, 8]},
			"faces": {
				"north": {"uv": [2.5, 0, 0, 2], "rotation": 180, "texture": "#0"},
				"south": {"uv": [2.5, 2, 0, 0], "texture": "#0"},
				"up": {"uv": [0, 0, 2.5, 0.5], "rotation": 180, "texture": "#0"},
				"down": {"uv": [0, 0, 2.5, 0.5], "texture": "#0"}
			}
		},
		{
			"name": "octagon",
			"from": [5.51472, 6, 13],
			"to": [10.48528, 10, 14],
			"rotation": {"angle": -45, "axis": "y", "origin": [8, 8, 8]},
			"faces": {
				"north": {"uv": [2.5, 0, 0, 2], "rotation": 180, "texture": "#0"},
				"south": {"uv": [2.5, 2, 0, 0], "texture": "#0"},
				"up": {"uv": [0, 0, 2.5, 0.5], "rotation": 180, "texture": "#0"},
				"down": {"uv": [0, 0, 2.5, 0.5], "texture": "#0"}
			}
		},
		{
			"name": "octagon",
			"from": [5.51472, 6, 13],
			"to": [10.48528, 10, 14],
			"rotation": {"angle": 0, "axis": "z", "origin": [8, 8, 8]},
			"faces": {
				"north": {"uv": [2.5, 0, 0, 2], "rotation": 180, "texture": "#0"},
				"south": {"uv": [2.5, 2, 0, 0], "texture": "#0"},
				"up": {"uv": [0, 0, 2.5, 0.5], "rotation": 180, "texture": "#0"},
				"down": {"uv": [0, 0, 2.5, 0.5], "texture": "#0"}
			}
		},
		{
			"name": "octagon",
			"from": [2, 6, 5.51472],
			"to": [3, 10, 10.48528],
			"rotation": {"angle": -45, "axis": "y", "origin": [8, 8, 8]},
			"faces": {
				"east": {"uv": [0, 0, 2, 2.5], "rotation": 270, "texture": "#0"},
				"west": {"uv": [0, 0, 2, 2.5], "rotation": 90, "texture": "#0"},
				"up": {"uv": [0, 0, 0.5, 2.5], "rotation": 180, "texture": "#0"},
				"down": {"uv": [0, 0, 0.5, 2.5], "texture": "#0"}
			}
		},
		{
			"name": "octagon",
			"from": [2, 6, 5.51472],
			"to": [3, 10, 10.48528],
			"rotation": {"angle": 0, "axis": "z", "origin": [8, 8, 8]},
			"faces": {
				"east": {"uv": [0, 0, 2, 2.5], "rotation": 270, "texture": "#0"},
				"west": {"uv": [0, 0, 2, 2.5], "rotation": 90, "texture": "#0"},
				"up": {"uv": [0, 0, 0.5, 2.5], "rotation": 180, "texture": "#0"},
				"down": {"uv": [0, 0, 0.5, 2.5], "texture": "#0"}
			}
		},
		{
			"name": "octagon",
			"from": [13, 6, 5.51472],
			"to": [14, 10, 10.48528],
			"rotation": {"angle": -45, "axis": "y", "origin": [8, 8, 8]},
			"faces": {
				"east": {"uv": [0, 0, 2, 2.5], "rotation": 270, "texture": "#0"},
				"west": {"uv": [0, 0, 2, 2.5], "rotation": 90, "texture": "#0"},
				"up": {"uv": [0, 0, 0.5, 2.5], "rotation": 180, "texture": "#0"},
				"down": {"uv": [0, 0, 0.5, 2.5], "texture": "#0"}
			}
		},
		{
			"name": "octagon",
			"from": [13, 6, 5.51472],
			"to": [14, 10, 10.48528],
			"rotation": {"angle": 0, "axis": "z", "origin": [8, 8, 8]},
			"faces": {
				"east": {"uv": [0, 0, 2, 2.5], "rotation": 270, "texture": "#0"},
				"west": {"uv": [0, 0, 2, 2.5], "rotation": 90, "texture": "#0"},
				"up": {"uv": [0, 0, 0.5, 2.5], "rotation": 180, "texture": "#0"},
				"down": {"uv": [0, 0, 0.5, 2.5], "texture": "#0"}
			}
		},
		{
			"from": [6, 6.5, 6],
			"to": [10, 9.5, 10],
			"rotation": {"angle": 0, "axis": "y", "origin": [0, 10, 3]},
			"faces": {
				"north": {"uv": [2, 0, 0, 1.5], "rotation": 180, "texture": "#0"},
				"east": {"uv": [0, 0, 1.5, 2], "rotation": 270, "texture": "#0"},
				"south": {"uv": [2, 1.5, 0, 0], "texture": "#0"},
				"west": {"uv": [0, 0, 1.5, 2], "rotation": 90, "texture": "#0"},
				"up": {"uv": [0, 0, 2, 2], "rotation": 180, "texture": "#0"},
				"down": {"uv": [0, 0, 2, 2], "texture": "#0"}
			}
		},
		{
			"from": [7, 7, 10],
			"to": [9, 9, 17],
			"rotation": {"angle": 0, "axis": "y", "origin": [8, 8, 8]},
			"faces": {
				"east": {"uv": [0, 0, 1, 3.5], "rotation": 270, "texture": "#0"},
				"west": {"uv": [0, 0, 1, 3.5], "rotation": 90, "texture": "#0"},
				"up": {"uv": [0, 0, 1, 3.5], "rotation": 180, "texture": "#0"},
				"down": {"uv": [0, 0, 1, 3.5], "texture": "#0"}
			}
		},
		{
			"from": [6.5, 6.5, 17],
			"to": [9.5, 9.5, 20],
			"rotation": {"angle": 0, "axis": "y", "origin": [8, 8, 8]},
			"faces": {
				"north": {"uv": [1.5, 0, 0, 1.5], "rotation": 180, "texture": "#0"},
				"east": {"uv": [0, 0, 1.5, 1.5], "rotation": 270, "texture": "#0"},
				"south": {"uv": [1.5, 1.5, 0, 0], "texture": "#0"},
				"west": {"uv": [0, 0, 1.5, 1.5], "rotation": 90, "texture": "#0"},
				"up": {"uv": [0, 0, 1.5, 1.5], "rotation": 180, "texture": "#0"},
				"down": {"uv": [0, 0, 1.5, 1.5], "texture": "#0"}
			}
		},
		{
			"from": [7, 7, -1],
			"to": [9, 9, 6],
			"rotation": {"angle": 0, "axis": "y", "origin": [8, -4, 14]},
			"faces": {
				"east": {"uv": [0, 3.5, 1, 0], "rotation": 270, "texture": "#0"},
				"west": {"uv": [0, 3.5, 1, 0], "rotation": 90, "texture": "#0"},
				"up": {"uv": [0, 3.5, 1, 0], "rotation": 180, "texture": "#0"},
				"down": {"uv": [0, 3.5, 1, 0], "texture": "#0"}
			}
		},
		{
			"from": [6.5, 6.5, -4],
			"to": [9.5, 9.5, -1],
			"rotation": {"angle": 0, "axis": "y", "origin": [8, -4, 14]},
			"faces": {
				"north": {"uv": [0, 1.5, 1.5, 0], "texture": "#0"},
				"east": {"uv": [0, 1.5, 1.5, 0], "rotation": 270, "texture": "#0"},
				"south": {"uv": [0, 0, 1.5, 1.5], "rotation": 180, "texture": "#0"},
				"west": {"uv": [0, 1.5, 1.5, 0], "rotation": 90, "texture": "#0"},
				"up": {"uv": [0, 1.5, 1.5, 0], "rotation": 180, "texture": "#0"},
				"down": {"uv": [0, 1.5, 1.5, 0], "texture": "#0"}
			}
		},
		{
			"from": [7, 7, 10],
			"to": [9, 9, 17],
			"rotation": {"angle": -45, "axis": "y", "origin": [8, 8, 8]},
			"faces": {
				"east": {"uv": [0, 0, 1, 3.5], "rotation": 270, "texture": "#0"},
				"west": {"uv": [0, 0, 1, 3.5], "rotation": 90, "texture": "#0"},
				"up": {"uv": [0, 0, 1, 3.5], "rotation": 180, "texture": "#0"},
				"down": {"uv": [0, 0, 1, 3.5], "texture": "#0"}
			}
		},
		{
			"from": [6.5, 6.5, 17],
			"to": [9.5, 9.5, 20],
			"rotation": {"angle": -45, "axis": "y", "origin": [8, 8, 8]},
			"faces": {
				"north": {"uv": [1.5, 0, 0, 1.5], "rotation": 180, "texture": "#0"},
				"east": {"uv": [0, 0, 1.5, 1.5], "rotation": 270, "texture": "#0"},
				"south": {"uv": [1.5, 1.5, 0, 0], "texture": "#0"},
				"west": {"uv": [0, 0, 1.5, 1.5], "rotation": 90, "texture": "#0"},
				"up": {"uv": [0, 0, 1.5, 1.5], "rotation": 180, "texture": "#0"},
				"down": {"uv": [0, 0, 1.5, 1.5], "texture": "#0"}
			}
		},
		{
			"from": [7, 7, 10],
			"to": [9, 9, 17],
			"rotation": {"angle": 45, "axis": "y", "origin": [8, 8, 8]},
			"faces": {
				"east": {"uv": [1, 0, 0, 3.5], "rotation": 270, "texture": "#0"},
				"west": {"uv": [1, 0, 0, 3.5], "rotation": 90, "texture": "#0"},
				"up": {"uv": [1, 0, 0, 3.5], "rotation": 180, "texture": "#0"},
				"down": {"uv": [1, 0, 0, 3.5], "texture": "#0"}
			}
		},
		{
			"from": [6.5, 6.5, 17],
			"to": [9.5, 9.5, 20],
			"rotation": {"angle": 45, "axis": "y", "origin": [8, 8, 8]},
			"faces": {
				"north": {"uv": [0, 0, 1.5, 1.5], "rotation": 180, "texture": "#0"},
				"east": {"uv": [1.5, 0, 0, 1.5], "rotation": 270, "texture": "#0"},
				"south": {"uv": [0, 1.5, 1.5, 0], "texture": "#0"},
				"west": {"uv": [1.5, 0, 0, 1.5], "rotation": 90, "texture": "#0"},
				"up": {"uv": [1.5, 0, 0, 1.5], "rotation": 180, "texture": "#0"},
				"down": {"uv": [1.5, 0, 0, 1.5], "texture": "#0"}
			}
		},
		{
			"from": [-1, 7, 7],
			"to": [6, 9, 9],
			"rotation": {"angle": 0, "axis": "z", "origin": [8, 8, 8]},
			"faces": {
				"north": {"uv": [0, 0, 1, 3.5], "rotation": 90, "texture": "#0"},
				"south": {"uv": [0, 0, 1, 3.5], "rotation": 270, "texture": "#0"},
				"up": {"uv": [0, 0, 1, 3.5], "rotation": 270, "texture": "#0"},
				"down": {"uv": [0, 0, 1, 3.5], "rotation": 270, "texture": "#0"}
			}
		},
		{
			"from": [-4, 6.5, 6.5],
			"to": [-1, 9.5, 9.5],
			"rotation": {"angle": 0, "axis": "z", "origin": [8, 8, 8]},
			"faces": {
				"north": {"uv": [0, 0, 1.5, 1.5], "rotation": 90, "texture": "#0"},
				"east": {"uv": [1.5, 0, 0, 1.5], "rotation": 180, "texture": "#0"},
				"south": {"uv": [0, 0, 1.5, 1.5], "rotation": 270, "texture": "#0"},
				"west": {"uv": [1.5, 1.5, 0, 0], "texture": "#0"},
				"up": {"uv": [0, 0, 1.5, 1.5], "rotation": 270, "texture": "#0"},
				"down": {"uv": [0, 0, 1.5, 1.5], "rotation": 270, "texture": "#0"}
			}
		},
		{
			"from": [10, 7, 7],
			"to": [17, 9, 9],
			"rotation": {"angle": 0, "axis": "z", "origin": [8, 8, 8]},
			"faces": {
				"north": {"uv": [0, 3.5, 1, 0], "rotation": 90, "texture": "#0"},
				"south": {"uv": [0, 3.5, 1, 0], "rotation": 270, "texture": "#0"},
				"up": {"uv": [0, 3.5, 1, 0], "rotation": 270, "texture": "#0"},
				"down": {"uv": [0, 3.5, 1, 0], "rotation": 270, "texture": "#0"}
			}
		},
		{
			"from": [17, 6.5, 6.5],
			"to": [20, 9.5, 9.5],
			"rotation": {"angle": 0, "axis": "z", "origin": [8, 8, 8]},
			"faces": {
				"north": {"uv": [0, 1.5, 1.5, 0], "rotation": 90, "texture": "#0"},
				"east": {"uv": [1.5, 0, 0, 1.5], "rotation": 180, "texture": "#0"},
				"south": {"uv": [0, 1.5, 1.5, 0], "rotation": 270, "texture": "#0"},
				"west": {"uv": [1.5, 1.5, 0, 0], "texture": "#0"},
				"up": {"uv": [0, 1.5, 1.5, 0], "rotation": 270, "texture": "#0"},
				"down": {"uv": [0, 1.5, 1.5, 0], "rotation": 270, "texture": "#0"}
			}
		},
		{
			"from": [-1, 7, 7],
			"to": [6, 9, 9],
			"rotation": {"angle": -45, "axis": "y", "origin": [8, 8, 8]},
			"faces": {
				"north": {"uv": [0, 0, 1, 3.5], "rotation": 90, "texture": "#0"},
				"south": {"uv": [0, 0, 1, 3.5], "rotation": 270, "texture": "#0"},
				"up": {"uv": [0, 0, 1, 3.5], "rotation": 270, "texture": "#0"},
				"down": {"uv": [0, 0, 1, 3.5], "rotation": 270, "texture": "#0"}
			}
		},
		{
			"from": [-4, 6.5, 6.5],
			"to": [-1, 9.5, 9.5],
			"rotation": {"angle": -45, "axis": "y", "origin": [8, 8, 8]},
			"faces": {
				"north": {"uv": [0, 0, 1.5, 1.5], "rotation": 90, "texture": "#0"},
				"east": {"uv": [1.5, 0, 0, 1.5], "rotation": 180, "texture": "#0"},
				"south": {"uv": [0, 0, 1.5, 1.5], "rotation": 270, "texture": "#0"},
				"west": {"uv": [1.5, 1.5, 0, 0], "texture": "#0"},
				"up": {"uv": [0, 0, 1.5, 1.5], "rotation": 270, "texture": "#0"},
				"down": {"uv": [0, 0, 1.5, 1.5], "rotation": 270, "texture": "#0"}
			}
		},
		{
			"from": [10, 7, 7],
			"to": [17, 9, 9],
			"rotation": {"angle": 45, "axis": "y", "origin": [8, 8, 8]},
			"faces": {
				"north": {"uv": [0, 3.5, 1, 0], "rotation": 90, "texture": "#0"},
				"south": {"uv": [0, 3.5, 1, 0], "rotation": 270, "texture": "#0"},
				"up": {"uv": [0, 3.5, 1, 0], "rotation": 270, "texture": "#0"},
				"down": {"uv": [0, 3.5, 1, 0], "rotation": 270, "texture": "#0"}
			}
		},
		{
			"from": [17, 6.5, 6.5],
			"to": [20, 9.5, 9.5],
			"rotation": {"angle": 45, "axis": "y", "origin": [8, 8, 8]},
			"faces": {
				"north": {"uv": [0, 1.5, 1.5, 0], "rotation": 90, "texture": "#0"},
				"east": {"uv": [1.5, 0, 0, 1.5], "rotation": 180, "texture": "#0"},
				"south": {"uv": [0, 1.5, 1.5, 0], "rotation": 270, "texture": "#0"},
				"west": {"uv": [1.5, 1.5, 0, 0], "texture": "#0"},
				"up": {"uv": [0, 1.5, 1.5, 0], "rotation": 270, "texture": "#0"},
				"down": {"uv": [0, 1.5, 1.5, 0], "rotation": 270, "texture": "#0"}
			}
		}
	],
	"display": {},
	"groups": [
		{
			"name": "octagon",
			"origin": [8, 8, 8],
			"color": 0,
			"children": [0, 1, 2, 3, 4, 5, 6, 7, 8]
		},
		{
			"name": "2 arms",
			"origin": [8, 8, 8],
			"color": 0,
			"children": [
				{
					"name": "arm",
					"origin": [8, 5, 2],
					"color": 0,
					"children": [9, 10, 11, 12]
				},
				{
					"name": "arm",
					"origin": [8, 5, 2],
					"color": 0,
					"children": [13, 14, 15, 16]
				}
			]
		},
		{
			"name": "2 arms",
			"origin": [8, 8, 8],
			"color": 0,
			"children": [
				{
					"name": "arm",
					"origin": [8, 5, 2],
					"color": 0,
					"children": [17, 18, 19, 20]
				},
				{
					"name": "arm",
					"origin": [8, 5, 2],
					"color": 0,
					"children": [21, 22, 23, 24]
				}
			]
		}
	]
}