{
	"credit": "Made with Blockbench",
	"texture_size": [32, 32],
	"textures": {
		"1": "custom/shotgun"
	},
	"elements": [
		{
			"from": [7.01, 9, 10],
			"to": [8.99, 11, 15],
			"rotation": {"angle": 45, "axis": "x", "origin": [8, 11, 10]},
			"faces": {
				"north": {"uv": [7.5, 5.5, 8.5, 6.5], "texture": "#1"},
				"east": {"uv": [4, 1.5, 6.5, 2.5], "texture": "#1"},
				"south": {"uv": [8, 6.5, 9, 7.5], "texture": "#1"},
				"west": {"uv": [4, 2.5, 6.5, 3.5], "texture": "#1"},
				"up": {"uv": [5, 6, 4, 3.5], "texture": "#1"},
				"down": {"uv": [3, 4.5, 2, 7], "texture": "#1"}
			}
		},
		{
			"from": [7.5, 8.75, -7],
			"to": [8.5, 9.75, 2],
			"rotation": {"angle": 45, "axis": "z", "origin": [8, 9.25, -2.5]},
			"faces": {
				"north": {"uv": [8.5, 6, 9, 6.5], "texture": "#1"},
				"east": {"uv": [6.5, 2.5, 11, 3], "texture": "#1"},
				"south": {"uv": [0, 9, 0.5, 9.5], "texture": "#1"},
				"west": {"uv": [6.5, 3, 11, 3.5], "texture": "#1"},
				"up": {"uv": [5.5, 11, 5, 6.5], "texture": "#1"},
				"down": {"uv": [6, 6.5, 5.5, 11], "texture": "#1"}
			}
		},
		{
			"from": [7.5, 9.75, -8],
			"to": [8.5, 10.75, 2],
			"rotation": {"angle": 45, "axis": "z", "origin": [8, 10.25, -2.5]},
			"faces": {
				"north": {"uv": [9, 0, 9.5, 0.5], "texture": "#1"},
				"east": {"uv": [5, 3.5, 10, 4], "texture": "#1"},
				"south": {"uv": [0.5, 9, 1, 9.5], "texture": "#1"},
				"west": {"uv": [5, 4, 10, 4.5], "texture": "#1"},
				"up": {"uv": [3.5, 9.5, 3, 4.5], "texture": "#1"},
				"down": {"uv": [4, 4.5, 3.5, 9.5], "texture": "#1"}
			}
		},
		{
			"from": [7, 8, -6],
			"to": [9, 10, -1],
			"rotation": {"angle": 45, "axis": "z", "origin": [8, 9, -3.5]},
			"faces": {
				"north": {"uv": [7, 8, 8, 9], "texture": "#1"},
				"east": {"uv": [5, 4.5, 7.5, 5.5], "texture": "#1"},
				"south": {"uv": [8, 7.5, 9, 8.5], "texture": "#1"},
				"west": {"uv": [5, 5.5, 7.5, 6.5], "texture": "#1"},
				"up": {"uv": [5, 8.5, 4, 6], "texture": "#1"},
				"down": {"uv": [7.5, 0, 6.5, 2.5], "texture": "#1"}
			}
		},
		{
			"from": [7, 8, 2],
			"to": [9, 11, 10],
			"rotation": {"angle": 0, "axis": "y", "origin": [0, 4, -7]},
			"faces": {
				"north": {"uv": [1, 7, 2, 8.5], "texture": "#1"},
				"east": {"uv": [0, 0, 4, 1.5], "texture": "#1"},
				"south": {"uv": [2, 7, 3, 8.5], "texture": "#1"},
				"west": {"uv": [0, 1.5, 4, 3], "texture": "#1"},
				"up": {"uv": [1, 7, 0, 3], "texture": "#1"},
				"down": {"uv": [2, 3, 1, 7], "texture": "#1"}
			}
		},
		{
			"from": [7.01, 8, 10],
			"to": [8.99, 9, 11],
			"rotation": {"angle": 0, "axis": "y", "origin": [0.08, 4, -7]},
			"faces": {
				"north": {"uv": [1, 8.5, 2, 9], "texture": "#1"},
				"east": {"uv": [9, 0.5, 9.5, 1], "texture": "#1"},
				"south": {"uv": [2, 8.5, 3, 9], "texture": "#1"},
				"west": {"uv": [1, 9, 1.5, 9.5], "texture": "#1"},
				"up": {"uv": [5, 9, 4, 8.5], "texture": "#1"},
				"down": {"uv": [9.5, 5.5, 8.5, 6], "texture": "#1"}
			}
		},
		{
			"from": [7, 5.81562, 11.96908],
			"to": [9, 8.81562, 15.96908],
			"rotation": {"angle": -22.5, "axis": "x", "origin": [8, 6.81562, 13.96908]},
			"faces": {
				"north": {"uv": [7, 6.5, 8, 8], "texture": "#1"},
				"east": {"uv": [2, 3, 4, 4.5], "texture": "#1"},
				"south": {"uv": [7.5, 0, 8.5, 1.5], "texture": "#1"},
				"west": {"uv": [4, 0, 6, 1.5], "texture": "#1"},
				"up": {"uv": [7, 8.5, 6, 6.5], "texture": "#1"},
				"down": {"uv": [1, 7, 0, 9], "texture": "#1"}
			}
		},
		{
			"from": [7.5, 6.5, 6],
			"to": [8.5, 8.5, 9],
			"rotation": {"angle": 0, "axis": "y", "origin": [0, 4, -7]},
			"faces": {
				"north": {"uv": [6, 8.5, 6.5, 9.5], "texture": "#1"},
				"east": {"uv": [7.5, 1.5, 9, 2.5], "texture": "#1"},
				"south": {"uv": [6.5, 8.5, 7, 9.5], "texture": "#1"},
				"west": {"uv": [7.5, 4.5, 9, 5.5], "texture": "#1"},
				"up": {"uv": [6.5, 1.5, 6, 0], "texture": "#1"},
				"down": {"uv": [9, 0, 8.5, 1.5], "texture": "#1"}
			}
		},
		{
			"from": [8, 6, 7.5],
			"to": [8, 8, 8.5],
			"rotation": {"angle": 45, "axis": "x", "origin": [8, 8, 8.5]},
			"faces": {
				"north": {"uv": [0, 0, 0, 1], "texture": "#1"},
				"east": {"uv": [8, 8.5, 8.5, 9.5], "texture": "#1"},
				"south": {"uv": [0, 0, 0, 1], "texture": "#1"},
				"west": {"uv": [8.5, 8.5, 9, 9.5], "texture": "#1"},
				"up": {"uv": [0, 0.5, 0, 0], "texture": "#1"},
				"down": {"uv": [0, 0, 0, 0.5], "texture": "#1"}
			}
		},
		{
			"name": "cube inverted",
			"from": [8.5, 8.5, 9],
			"to": [7.5, 6.5, 6],
			"rotation": {"angle": 0, "axis": "y", "origin": [0, 4, -7]},
			"faces": {
				"north": {"uv": [6.5, 9.5, 7, 8.5], "texture": "#1"},
				"east": {"uv": [7.5, 5.5, 9, 4.5], "texture": "#1"},
				"south": {"uv": [6, 9.5, 6.5, 8.5], "texture": "#1"},
				"west": {"uv": [7.5, 2.5, 9, 1.5], "texture": "#1"},
				"up": {"uv": [8.5, 0, 9, 1.5], "texture": "#1"},
				"down": {"uv": [6, 1.5, 6.5, 0], "texture": "#1"}
			}
		}
	],
	"display": {
		"gui": {
			"rotation": [32, 122, 0],
			"translation": [2.25, 0, 0],
			"scale": [0.7, 0.7, 0.7]
		}
	},
	"groups": [
		{
			"name": "shotgun",
			"origin": [8, 2.81562, 20.96908],
			"color": 0,
			"children": [0, 1, 2, 3, 4, 5, 6, 7, 8, 9]
		}
	]
}