{
	"credit": "Made with Blockbench",
	"textures": {
		"1": "custom/smoke_grenade"
	},
	"elements": [
		{
			"from": [6, 0, 6.5],
			"to": [9, 7, 9.5],
			"rotation": {"angle": 0, "axis": "y", "origin": [6.5, 0, 7]},
			"faces": {
				"north": {"uv": [0, 0, 3, 7], "texture": "#1"},
				"east": {"uv": [3, 0, 6, 7], "texture": "#1"},
				"south": {"uv": [6, 0, 9, 7], "texture": "#1"},
				"west": {"uv": [0, 7, 3, 14], "texture": "#1"},
				"up": {"uv": [6, 10, 3, 7], "texture": "#1"},
				"down": {"uv": [9, 7, 6, 10], "texture": "#1"}
			}
		},
		{
			"from": [7.5, 7, 7.5],
			"to": [8.5, 8, 8.5],
			"rotation": {"angle": 0, "axis": "y", "origin": [8, 3.5, 8]},
			"faces": {
				"north": {"uv": [8, 10, 9, 11], "texture": "#1"},
				"east": {"uv": [11, 0, 12, 1], "texture": "#1"},
				"south": {"uv": [11, 1, 12, 2], "texture": "#1"},
				"west": {"uv": [11, 2, 12, 3], "texture": "#1"},
				"up": {"uv": [12, 4, 11, 3], "texture": "#1"},
				"down": {"uv": [6, 11, 5, 12], "texture": "#1"}
			}
		},
		{
			"from": [5, 6.5, 7],
			"to": [7, 8.5, 8],
			"rotation": {"angle": 22.5, "axis": "z", "origin": [6.5, 7.5, 7.5]},
			"faces": {
				"north": {"uv": [3, 10, 5, 12], "texture": "#1"},
				"east": {"uv": [7, 10, 8, 12], "texture": "#1"},
				"south": {"uv": [10, 4, 12, 6], "texture": "#1"},
				"west": {"uv": [10, 7, 11, 9], "texture": "#1"},
				"up": {"uv": [12, 10, 10, 9], "texture": "#1"},
				"down": {"uv": [12, 10, 10, 11], "texture": "#1"}
			}
		},
		{
			"from": [6.5, 7, 8],
			"to": [8.5, 9, 8],
			"rotation": {"angle": 0, "axis": "y", "origin": [8, 3.5, 8]},
			"faces": {
				"north": {"uv": [9, 0, 11, 2], "texture": "#1"},
				"east": {"uv": [0, 0, 0, 2], "texture": "#1"},
				"south": {"uv": [9, 2, 11, 4], "texture": "#1"},
				"west": {"uv": [0, 0, 0, 2], "texture": "#1"},
				"up": {"uv": [2, 0, 0, 0], "texture": "#1"},
				"down": {"uv": [2, 0, 0, 0], "texture": "#1"}
			}
		},
		{
			"from": [6.5, 9, 7.5],
			"to": [8.5, 9, 8.5],
			"rotation": {"angle": 0, "axis": "y", "origin": [8, 3.5, 8]},
			"faces": {
				"north": {"uv": [0, 0, 2, 0], "texture": "#1"},
				"east": {"uv": [0, 0, 1, 0], "texture": "#1"},
				"south": {"uv": [0, 0, 2, 0], "texture": "#1"},
				"west": {"uv": [0, 0, 1, 0], "texture": "#1"},
				"up": {"uv": [7, 11, 5, 10], "texture": "#1"},
				"down": {"uv": [12, 6, 10, 7], "texture": "#1"}
			}
		},
		{
			"from": [6.5, 8, 7.5],
			"to": [6.5, 9, 8.5],
			"rotation": {"angle": -22.5, "axis": "z", "origin": [6.5, 9, 8]},
			"faces": {
				"north": {"uv": [0, 0, 0, 1], "texture": "#1"},
				"east": {"uv": [6, 11, 7, 12], "texture": "#1"},
				"south": {"uv": [0, 0, 0, 1], "texture": "#1"},
				"west": {"uv": [11, 7, 12, 8], "texture": "#1"},
				"up": {"uv": [0, 1, 0, 0], "texture": "#1"},
				"down": {"uv": [0, 0, 0, 1], "texture": "#1"}
			}
		},
		{
			"from": [6.82442, 6.78323, 7.5],
			"to": [6.82442, 7.78323, 8.5],
			"rotation": {"angle": -45, "axis": "z", "origin": [6.82442, 8.78323, 8]},
			"faces": {
				"north": {"uv": [0, 0, 0, 1], "texture": "#1"},
				"east": {"uv": [8, 11, 9, 12], "texture": "#1"},
				"south": {"uv": [0, 0, 0, 1], "texture": "#1"},
				"west": {"uv": [11, 8, 12, 9], "texture": "#1"},
				"up": {"uv": [0, 1, 0, 0], "texture": "#1"},
				"down": {"uv": [0, 0, 0, 1], "texture": "#1"}
			}
		},
		{
			"from": [5.41021, 3.36901, 7.5],
			"to": [5.41021, 7.36901, 8.5],
			"rotation": {"angle": 0, "axis": "y", "origin": [6.41021, 8.86901, 8]},
			"faces": {
				"north": {"uv": [0, 0, 0, 4], "texture": "#1"},
				"east": {"uv": [9, 4, 10, 8], "texture": "#1"},
				"south": {"uv": [0, 0, 0, 4], "texture": "#1"},
				"west": {"uv": [9, 8, 10, 12], "texture": "#1"},
				"up": {"uv": [0, 1, 0, 0], "texture": "#1"},
				"down": {"uv": [0, 0, 0, 1], "texture": "#1"}
			}
		},
		{
			"name": "cube inverted",
			"from": [7, 8.5, 8],
			"to": [5, 6.5, 7],
			"rotation": {"angle": 22.5, "axis": "z", "origin": [6.5, 7.5, 7.5]},
			"faces": {
				"north": {"uv": [10, 6, 12, 4], "texture": "#1"},
				"east": {"uv": [10, 9, 11, 7], "texture": "#1"},
				"south": {"uv": [3, 12, 5, 10], "texture": "#1"},
				"west": {"uv": [7, 12, 8, 10], "texture": "#1"},
				"up": {"uv": [10, 10, 12, 11], "texture": "#1"},
				"down": {"uv": [10, 10, 12, 9], "texture": "#1"}
			}
		}
	],
	"display": {
		"thirdperson_righthand": {
			"translation": [0.5, 3, 0.75]
		},
		"thirdperson_lefthand": {
			"translation": [-0.5, 3, 0.75]
		},
		"firstperson_righthand": {
			"translation": [0, 6.25, 0]
		},
		"firstperson_lefthand": {
			"translation": [0, 6.25, 0]
		},
		"ground": {
			"rotation": [90, 0, 0],
			"translation": [0.75, 0, 4.25]
		},
		"gui": {
			"rotation": [25, 36, -37],
			"translation": [2, 3, 0]
		}
	},
	"groups": [
		0,
		{
			"name": "flash bang",
			"origin": [8, 8, 8],
			"color": 0,
			"children": [1, 2, 3, 4, 5, 6, 7, 8]
		}
	]
}