{
	"credit": "Made with Blockbench",
	"textures": {
		"2": "custom/usp"
	},
	"elements": [
		{
			"from": [7.51, 4.04539, 8.68717],
			"to": [8.49, 9.04539, 10.68717],
			"rotation": {"angle": -22.5, "axis": "x", "origin": [8, 8.04539, 7.68717]},
			"faces": {
				"north": {"uv": [8, 6, 9, 11], "texture": "#2"},
				"east": {"uv": [0, 4, 2, 9], "texture": "#2"},
				"south": {"uv": [0, 9, 1, 14], "texture": "#2"},
				"west": {"uv": [2, 4, 4, 9], "texture": "#2"},
				"up": {"uv": [8, 2, 7, 0], "texture": "#2"},
				"down": {"uv": [8, 2, 7, 4], "texture": "#2"}
			}
		},
		{
			"from": [7.51, 7.23673, 10.64911],
			"to": [8.49, 9.23673, 11.64911],
			"rotation": {"angle": -22.5, "axis": "x", "origin": [8, 8.23673, 8.14911]},
			"faces": {
				"north": {"uv": [9, 0, 10, 2], "texture": "#2"},
				"east": {"uv": [1, 9, 2, 11], "texture": "#2"},
				"south": {"uv": [2, 9, 3, 11], "texture": "#2"},
				"west": {"uv": [9, 2, 10, 4], "texture": "#2"},
				"up": {"uv": [11, 1, 10, 0], "texture": "#2"},
				"down": {"uv": [11, 1, 10, 2], "texture": "#2"}
			}
		},
		{
			"from": [7.5, 8.5, 4.5],
			"to": [8.5, 10.5, 11],
			"rotation": {"angle": 0, "axis": "y", "origin": [8, 8.5, 9]},
			"faces": {
				"north": {"uv": [8, 0, 9, 2], "texture": "#2"},
				"east": {"uv": [0, 0, 7, 2], "texture": "#2"},
				"south": {"uv": [8, 2, 9, 4], "texture": "#2"},
				"west": {"uv": [0, 2, 7, 4], "texture": "#2"},
				"up": {"uv": [5, 11, 4, 4], "texture": "#2"},
				"down": {"uv": [6, 4, 5, 11], "texture": "#2"}
			}
		},
		{
			"from": [8, 10, 4.75],
			"to": [8, 11, 5.75],
			"rotation": {"angle": 0, "axis": "y", "origin": [8, 8.5, 9]},
			"faces": {
				"north": {"uv": [0, 0, 0, 1], "texture": "#2"},
				"east": {"uv": [11, 3, 12, 4], "texture": "#2"},
				"south": {"uv": [0, 0, 0, 1], "texture": "#2"},
				"west": {"uv": [4, 11, 5, 12], "texture": "#2"},
				"up": {"uv": [0, 1, 0, 0], "texture": "#2"},
				"down": {"uv": [0, 0, 0, 1], "texture": "#2"}
			}
		},
		{
			"from": [7.5, 9.25, 4],
			"to": [8.5, 10.25, 4.5],
			"rotation": {"angle": 0, "axis": "y", "origin": [8, 8.5, 9]},
			"faces": {
				"north": {"uv": [10, 2, 11, 3], "texture": "#2"},
				"east": {"uv": [10, 3, 11, 4], "texture": "#2"},
				"south": {"uv": [10, 8, 11, 9], "texture": "#2"},
				"west": {"uv": [9, 10, 10, 11], "texture": "#2"},
				"up": {"uv": [11, 10, 10, 9], "texture": "#2"},
				"down": {"uv": [11, 10, 10, 11], "texture": "#2"}
			}
		},
		{
			"from": [7.5, 7.5, 7],
			"to": [8.5, 8.5, 9],
			"rotation": {"angle": 0, "axis": "y", "origin": [0, 4.5, -0.5]},
			"faces": {
				"north": {"uv": [11, 0, 12, 1], "texture": "#2"},
				"east": {"uv": [9, 6, 11, 7], "texture": "#2"},
				"south": {"uv": [1, 11, 2, 12], "texture": "#2"},
				"west": {"uv": [9, 7, 11, 8], "texture": "#2"},
				"up": {"uv": [4, 11, 3, 9], "texture": "#2"},
				"down": {"uv": [10, 8, 9, 10], "texture": "#2"}
			}
		},
		{
			"from": [8, 7.5, 8],
			"to": [8, 8.5, 9],
			"rotation": {"angle": 0, "axis": "y", "origin": [0, 4.5, -0.5]},
			"faces": {
				"north": {"uv": [0, 0, 0, 1], "texture": "#2"},
				"east": {"uv": [11, 1, 12, 2], "texture": "#2"},
				"south": {"uv": [0, 0, 0, 1], "texture": "#2"},
				"west": {"uv": [2, 11, 3, 12], "texture": "#2"},
				"up": {"uv": [0, 1, 0, 0], "texture": "#2"},
				"down": {"uv": [0, 0, 0, 1], "texture": "#2"}
			}
		},
		{
			"from": [7.5, 9.25, -2.5],
			"to": [8.5, 10.25, 4],
			"rotation": {"angle": 45, "axis": "z", "origin": [8, 9.75, 0.75]},
			"faces": {
				"north": {"uv": [11, 2, 12, 3], "texture": "#2"},
				"east": {"uv": [6, 4, 13, 5], "texture": "#2"},
				"south": {"uv": [3, 11, 4, 12], "texture": "#2"},
				"west": {"uv": [6, 5, 13, 6], "texture": "#2"},
				"up": {"uv": [7, 13, 6, 6], "texture": "#2"},
				"down": {"uv": [8, 6, 7, 13], "texture": "#2"}
			}
		},
		{
			"name": "cube inverted",
			"from": [8.5, 8.5, 9],
			"to": [7.5, 7.5, 7],
			"rotation": {"angle": 0, "axis": "y", "origin": [0, 4.5, -0.5]},
			"faces": {
				"north": {"uv": [1, 12, 2, 11], "texture": "#2"},
				"east": {"uv": [9, 8, 11, 7], "texture": "#2"},
				"south": {"uv": [11, 1, 12, 0], "texture": "#2"},
				"west": {"uv": [9, 7, 11, 6], "texture": "#2"},
				"up": {"uv": [9, 8, 10, 10], "texture": "#2"},
				"down": {"uv": [3, 11, 4, 9], "texture": "#2"}
			}
		}
	],
	"display": {
		"firstperson_righthand": {
			"translation": [2, -1, -3]
		},
		"firstperson_lefthand": {
			"translation": [2, -1, -3]
		},
		"gui": {
			"rotation": [-150, 45, -180],
			"translation": [2, 0, 0]
		},
		"head": {
			"translation": [0, 0, -4],
			"scale": [1.625, 1.625, 1.625]
		}
	},
	"groups": [
		{
			"name": "main",
			"origin": [0, 0, 0],
			"color": 0,
			"children": [0, 1, 2, 3, 4, 5, 6, 7, 8]
		}
	]
}